t_ms,raw_apps1,raw_apps2,raw_bse1,raw_bse2,raw_hv_current,commanded_torque_nm,motor_rpm,bus_voltage_v,bus_current_a,braking,hard_braking,bspc_active,apps_plausible,rtd_latched,drive_mode_d,bms_fault,imd_fault,pm100_fault,bms_timeout,imd_can_timeout,contactors_closed,bspd_gpio_ok,imd_gpio_ok,bms_gpio_ok
3529,2318,2234,447,440,1936,0.0,0,0.0,0.0,0,0,0,1,0,0,1,1,0,1,1,1,1,1,1
3579,2319,2234,447,440,1936,0.0,0,0.0,0.0,0,0,0,1,0,0,1,0,1,1,0,1,1,1,1
3589,2317,2234,448,442,1936,0.0,0,0.8,0.0,0,0,0,1,0,0,1,0,1,1,0,1,1,1,1
3599,2318,2234,448,440,1936,0.0,0,0.4,0.0,0,0,0,1,0,0,1,0,1,1,0,1,1,1,1
3610,2318,2234,445,441,1937,0.0,0,0.6,0.0,0,0,0,1,0,0,1,0,1,1,0,1,1,1,1
3620,2319,2234,448,440,1937,0.0,0,0.6,0.0,0,0,0,1,0,0,1,0,1,1,0,1,1,1,1
3630,2317,2235,447,441,1936,0.0,0,0.3,0.0,0,0,0,1,0,0,1,0,1,1,0,1,1,1,1
3640,2318,2234,445,441,1936,0.0,0,0.8,0.0,0,0,0,1,0,0,1,0,1,1,0,1,1,1,1
3650,2317,2234,446,442,1934,0.0,0,0.5,0.0,0,0,0,1,0,0,1,0,1,1,0,1,1,1,1
3660,2318,2234,448,441,1936,0.0,0,0.9,0.0,0,0,0,1,0,0,1,0,1,1,0,1,1,1,1
3670,2317,2235,446,439,1937,0.0,0,0.6,0.0,0,0,0,1,0,0,1,0,1,1,0,1,1,1,1
3680,2318,2234,449,440,1936,0.0,0,0.6,0.0,0,0,0,1,0,0,1,0,1,1,0,1,1,1,1
3690,2317,2234,446,441,1936,0.0,0,0.8,0.0,0,0,0,1,0,0,1,0,1,1,0,1,1,1,1
3700,2318,2235,446,440,1936,0.0,0,0.8,0.0,0,0,0,1,0,0,1,0,1,1,0,1,1,1,1
3710,2318,2234,448,440,1934,0.0,0,0.6,0.0,0,0,0,1,0,0,1,0,1,1,0,1,1,1,1
3720,2316,2233,446,441,1935,0.0,0,0.8,0.0,0,0,0,1,0,0,1,0,1,1,0,1,1,1,1
3730,2317,2233,445,439,1929,0.0,0,0.8,0.0,0,0,0,1,0,0,1,0,1,1,0,1,1,1,1
3740,2317,2234,446,441,1931,0.0,0,0.8,0.0,0,0,0,1,0,0,1,0,1,1,0,1,1,1,1
3750,2317,2233,448,442,1931,0.0,0,0.8,0.0,0,0,0,1,0,0,1,0,1,1,0,1,1,1,1
3760,2318,2237,450,443,1934,0.0,0,0.8,0.0,0,0,0,1,0,0,1,0,1,1,0,1,1,1,1
3770,2317,2234,448,440,1934,0.0,0,0.6,0.0,0,0,0,1,0,0,1,0,1,1,0,1,1,1,1
3780,2319,2234,447,440,1936,0.0,0,0.6,0.0,0,0,0,1,0,0,0,0,1,0,0,0,1,1,1
3790,2316,2234,447,439,1936,0.0,0,0.8,0.0,0,0,0,1,0,0,0,0,1,0,0,0,1,1,1
3800,2317,2234,445,441,1935,0.0,0,0.8,0.0,0,0,0,1,0,0,0,0,1,0,0,0,1,1,1
3810,2319,2235,447,440,1935,0.0,0,1.0,0.0,0,0,0,1,0,0,0,0,1,0,0,0,1,1,1
3820,2318,2234,445,441,1936,0.0,0,0.6,0.0,0,0,0,1,0,0,0,0,1,0,0,0,1,1,1
3830,2318,2235,449,441,1936,0.0,0,0.4,0.0,0,0,0,1,0,0,0,0,1,0,0,0,1,1,1
3840,2319,2234,446,441,1936,0.0,0,0.8,0.0,0,0,0,1,0,0,0,0,1,0,0,0,1,1,1
3850,2297,2235,447,441,1936,0.0,0,0.8,0.0,0,0,0,1,0,0,0,0,1,0,0,0,1,1,1
3860,2319,2234,448,438,1935,0.0,0,0.8,0.0,0,0,0,1,0,0,0,0,1,0,0,0,1,1,1
3870,2318,2234,447,441,1936,0.0,0,0.8,0.0,0,0,0,1,0,0,0,0,1,0,0,0,1,1,1
3880,2318,2234,447,443,1936,0.0,0,0.8,0.0,0,0,0,1,0,0,0,0,1,0,0,0,1,1,1
3890,2318,2234,447,440,1935,0.0,0,0.8,0.0,0,0,0,1,0,0,0,0,1,0,0,0,1,1,1
3900,2318,2234,445,441,1936,0.0,0,0.4,0.0,0,0,0,1,0,0,0,0,1,0,0,0,1,1,1
3910,2319,2235,446,441,1937,0.0,0,0.4,0.0,0,0,0,1,0,0,0,0,1,0,0,0,1,1,1
3920,2319,2234,448,440,1935,0.0,0,0.4,0.0,0,0,0,1,0,0,0,0,1,0,0,0,1,1,1
3930,2319,2234,447,442,1935,0.0,0,0.8,0.0,0,0,0,1,0,0,0,0,1,0,0,0,1,1,1
3940,2317,2234,445,440,1934,0.0,0,0.5,0.0,0,0,0,1,0,0,0,0,1,0,0,0,1,1,1
3950,2319,2235,446,440,1935,0.0,0,0.6,0.0,0,0,0,1,0,0,0,0,1,0,0,0,1,1,1
3960,2318,2234,448,440,1936,0.0,0,1.0,0.0,0,0,0,1,0,0,0,0,1,0,0,0,1,1,1
3970,2319,2234,446,441,1935,0.0,0,0.6,0.0,0,0,0,1,0,0,0,0,1,0,0,0,1,1,1
3980,2318,2234,446,442,1936,0.0,0,0.6,0.0,0,0,0,1,0,0,0,0,1,0,0,0,1,1,1
3990,2317,2234,447,441,1937,0.0,0,0.8,0.0,0,0,0,1,0,0,0,0,1,0,0,0,1,1,1
4000,2316,2234,447,441,1936,0.0,0,0.9,0.0,0,0,0,1,0,0,0,0,1,0,0,0,1,1,1
4010,2318,2234,444,441,1936,0.0,0,0.8,0.0,0,0,0,1,0,0,0,0,1,0,0,0,1,1,1
4020,2319,2234,444,441,1936,0.0,0,0.6,0.0,0,0,0,1,0,0,0,0,1,0,0,0,1,1,1
4030,2318,2235,447,441,1937,0.0,0,0.6,0.0,0,0,0,1,0,0,0,0,1,0,0,0,1,1,1
4040,2319,2234,446,441,1936,0.0,0,0.6,0.0,0,0,0,1,0,0,0,0,1,0,0,0,1,1,1
4050,2316,2235,447,440,1935,0.0,0,0.8,0.0,0,0,0,1,0,0,0,0,1,0,0,0,1,1,1
4060,2319,2234,448,441,1936,0.0,0,0.5,0.0,0,0,0,1,0,0,0,0,1,0,0,0,1,1,1
4070,2319,2234,446,441,1935,0.0,0,0.8,0.0,0,0,0,1,0,0,0,0,1,0,0,0,1,1,1
4080,2318,2234,447,440,1935,0.0,0,0.5,0.0,0,0,0,1,0,0,0,0,1,0,0,0,1,1,1
4090,2319,2234,446,441,1936,0.0,0,0.8,0.0,0,0,0,1,0,0,0,0,1,0,0,0,1,1,1
4100,2318,2234,447,439,1936,0.0,0,0.8,0.0,0,0,0,1,0,0,0,0,1,0,0,0,1,1,1
4110,2318,2234,448,441,1935,0.0,0,0.5,0.0,0,0,0,1,0,0,0,0,1,0,0,0,1,1,1
4120,2319,2234,449,440,1937,0.0,0,1.0,0.0,0,0,0,1,0,0,0,0,1,0,0,0,1,1,1
4130,2318,2234,446,441,1935,0.0,0,0.6,0.0,0,0,0,1,0,0,0,0,1,0,0,0,1,1,1
4140,2317,2235,447,442,1935,0.0,0,0.9,0.0,0,0,0,1,0,0,0,0,1,0,0,0,1,1,1
4150,2318,2234,446,441,1935,0.0,0,0.8,0.0,0,0,0,1,0,0,0,0,1,0,0,0,1,1,1
4160,2318,2234,445,440,1932,0.0,0,0.8,0.0,0,0,0,1,0,0,0,0,1,0,0,0,1,1,1
4170,2318,2234,445,440,1935,0.0,0,1.0,0.0,0,0,0,1,0,0,0,0,1,0,0,0,1,1,1
4180,2318,2234,447,441,1935,0.0,0,0.8,0.0,0,0,0,1,0,0,0,0,1,0,0,0,1,1,1
4190,2319,2235,433,441,1936,0.0,0,0.8,0.0,0,0,0,1,0,0,0,0,1,0,0,0,1,1,1
4200,2318,2234,445,441,1935,0.0,0,0.8,0.0,0,0,0,1,0,0,0,0,1,0,0,0,1,1,1
4210,2318,2234,448,441,1936,0.0,0,0.8,0.0,0,0,0,1,0,0,0,0,1,0,0,0,1,1,1
4220,2322,2234,446,441,1937,0.0,0,0.8,0.0,0,0,0,1,0,0,0,0,1,0,0,0,1,1,1
4230,2317,2234,445,440,1935,0.0,0,0.6,0.0,0,0,0,1,0,0,0,0,1,0,0,0,1,1,1
4240,2318,2234,447,441,1934,0.0,0,0.3,0.0,0,0,0,1,0,0,0,0,1,0,0,0,1,1,1
4250,2319,2237,447,441,1936,0.0,0,0.6,0.0,0,0,0,1,0,0,0,0,1,0,0,0,1,1,1
4260,2319,2234,449,442,1935,0.0,0,0.8,0.0,0,0,0,1,0,0,0,0,1,0,0,0,1,1,1
4270,2317,2234,447,440,1935,0.0,0,0.8,0.0,0,0,0,1,0,0,0,0,1,0,0,0,1,1,1
4280,2318,2234,447,442,1935,0.0,0,0.8,0.0,0,0,0,1,0,0,0,0,1,0,0,0,1,1,1
4290,2320,2234,445,439,1936,0.0,0,0.8,0.0,0,0,0,1,0,0,0,0,1,0,0,0,1,1,1
4300,2317,2234,447,440,1935,0.0,0,0.6,0.0,0,0,0,1,0,0,0,0,1,0,0,0,1,1,1
4310,2318,2234,448,440,1936,0.0,0,0.6,0.0,0,0,0,1,0,0,0,0,1,0,0,0,1,1,1
4320,2315,2235,447,439,1934,0.0,0,0.8,0.0,0,0,0,1,0,0,0,0,1,0,0,0,1,1,1
4330,2319,2234,447,441,1936,0.0,0,0.8,0.0,0,0,0,1,0,0,0,0,1,0,0,0,1,1,1
4340,2318,2234,445,441,1935,0.0,0,0.8,0.0,0,0,0,1,0,0,0,0,1,0,0,0,1,1,1
4350,2319,2234,445,441,1936,0.0,0,0.5,0.0,0,0,0,1,0,0,0,0,1,0,0,0,1,1,1
4360,2319,2234,447,440,1934,0.0,0,0.8,0.0,0,0,0,1,0,0,0,0,1,0,0,0,1,1,1
4370,2319,2234,447,440,1935,0.0,0,0.6,0.0,0,0,0,1,0,0,0,0,1,0,0,0,1,1,1
4380,2318,2235,445,441,1935,0.0,0,0.8,0.0,0,0,0,1,0,0,0,0,1,0,0,0,1,1,1
4390,2321,2234,446,439,1937,0.0,0,0.6,0.0,0,0,0,1,0,0,0,0,1,0,0,0,1,1,1
4400,2319,2234,448,442,1936,0.0,0,0.6,0.0,0,0,0,1,0,0,0,0,1,0,0,0,1,1,1
4410,2318,2234,447,441,1935,0.0,0,0.8,0.0,0,0,0,1,0,0,0,0,1,0,0,0,1,1,1
4420,2318,2234,447,441,1935,0.0,0,1.0,0.0,0,0,0,1,0,0,0,0,1,0,0,0,1,1,1
4430,2318,2234,449,441,1936,0.0,0,0.8,0.0,0,0,0,1,0,0,0,0,1,0,0,0,1,1,1
4440,2318,2234,448,442,1935,0.0,0,0.6,0.0,0,0,0,1,0,0,0,0,1,0,0,0,1,1,1
4450,2319,2234,447,441,1936,0.0,0,0.6,0.0,0,0,0,1,0,0,0,0,1,0,0,0,1,1,1
4460,2318,2234,447,441,1936,0.0,0,0.6,0.0,0,0,0,1,0,0,0,0,1,0,0,0,1,1,1
4470,2317,2234,447,442,1935,0.0,0,0.8,0.0,0,0,0,1,0,0,0,0,1,0,0,0,1,1,1
4480,2318,2235,446,440,1936,0.0,0,0.6,0.0,0,0,0,1,0,0,0,0,1,0,0,0,1,1,1
4490,2318,2233,447,441,1936,0.0,0,0.5,0.0,0,0,0,1,0,0,0,0,1,0,0,0,1,1,1
4500,2318,2234,447,441,1936,0.0,0,0.6,0.0,0,0,0,1,0,0,0,0,1,0,0,0,1,1,1
4510,2318,2234,447,441,1936,0.0,0,0.8,0.0,0,0,0,1,0,0,0,0,1,0,0,0,1,1,1
4520,2319,2234,445,441,1933,0.0,0,0.8,0.0,0,0,0,1,0,0,0,0,1,0,0,0,1,1,1
4574,2317,2234,446,441,1934,0.0,0,0.6,0.0,0,0,0,1,0,0,0,0,1,0,0,0,1,1,1
4584,2321,2234,446,441,1936,0.0,0,0.6,0.0,0,0,0,1,0,0,0,0,1,0,0,0,1,1,1
4594,2318,2234,447,444,1936,0.0,0,0.6,0.0,0,0,0,1,0,0,0,0,1,0,0,0,1,1,1
4604,2318,2233,446,441,1936,0.0,0,0.6,0.0,0,0,0,1,0,0,0,0,1,0,0,0,1,1,1
4614,2320,2234,445,441,1937,0.0,0,0.6,0.0,0,0,0,1,0,0,0,0,1,0,0,0,1,1,1
4625,2318,2234,448,439,1935,0.0,0,0.9,0.0,0,0,0,1,0,0,0,0,1,0,0,0,1,1,1
4635,2317,2234,448,441,1937,0.0,0,0.9,0.0,0,0,0,1,0,0,0,0,1,0,0,0,1,1,1
4645,2318,2234,447,440,1936,0.0,0,0.6,0.0,0,0,0,1,0,0,0,0,1,0,0,0,1,1,1
4655,2318,2234,446,441,1935,0.0,0,0.9,0.0,0,0,0,1,0,0,0,0,1,0,0,0,1,1,1
4665,2319,2234,447,442,1935,0.0,0,0.9,0.0,0,0,0,1,0,0,0,0,1,0,0,0,1,1,1
4675,2319,2233,447,440,1934,0.0,0,0.8,0.0,0,0,0,1,0,0,0,0,1,0,0,0,1,1,1
4685,2318,2234,446,441,1936,0.0,0,0.8,0.0,0,0,0,1,0,0,0,0,1,0,0,0,1,1,1
4695,2318,2234,448,442,1936,0.0,0,0.6,0.0,0,0,0,1,0,0,0,0,1,0,0,0,1,1,1
4705,2318,2234,447,441,1936,0.0,0,0.4,0.0,0,0,0,1,0,0,0,0,1,0,0,0,1,1,1
4715,2318,2234,446,440,1936,0.0,0,1.0,0.0,0,0,0,1,0,0,0,0,1,0,0,0,1,1,1
4725,2318,2234,448,441,1935,0.0,0,1.0,0.0,0,0,0,1,0,0,0,0,1,0,0,0,1,1,1
4735,2318,2234,447,440,1936,0.0,0,0.5,0.0,0,0,0,1,0,0,0,0,1,0,0,0,1,1,1
4745,2318,2234,448,440,1936,0.0,0,0.8,0.0,0,0,0,1,0,0,0,0,1,0,0,0,1,1,1
4755,2314,2234,446,440,1935,0.0,0,0.8,0.0,0,0,0,1,0,0,0,0,1,0,0,0,1,1,1
4765,2318,2234,446,440,1931,0.0,0,0.9,0.0,0,0,0,1,0,0,0,0,1,0,0,0,1,1,1
4775,2316,2234,447,440,1929,0.0,0,0.6,0.0,0,0,0,1,0,0,0,0,1,0,0,0,1,1,1
4785,2318,2234,445,441,1935,0.0,0,1.0,0.0,0,0,0,1,0,0,0,0,1,0,0,0,1,1,1
4795,2320,2234,448,441,1936,0.0,0,1.0,0.0,0,0,0,1,0,0,0,0,1,0,0,0,1,1,1
4805,2319,2234,446,441,1934,0.0,0,1.0,0.0,0,0,0,1,0,0,0,0,1,0,0,0,1,1,1
4815,2318,2235,445,440,1936,0.0,0,0.8,0.0,0,0,0,1,0,0,0,0,1,0,0,0,1,1,1
4825,2317,2234,448,441,1936,0.0,0,0.5,0.0,0,0,0,1,0,0,0,0,1,0,0,0,1,1,1
4835,2318,2235,447,441,1935,0.0,0,0.6,0.0,0,0,0,1,0,0,0,0,1,0,0,0,1,1,1
4845,2317,2235,447,440,1936,0.0,0,0.9,0.0,0,0,0,1,0,0,0,0,1,0,0,0,1,1,1
4855,2318,2234,448,442,1936,0.0,0,0.9,0.0,0,0,0,1,0,0,0,0,1,0,0,0,1,1,1
4865,2319,2234,447,441,1936,0.0,0,0.8,0.0,0,0,0,1,0,0,0,0,1,0,0,0,1,1,1
4875,2318,2234,448,441,1934,0.0,0,0.8,0.0,0,0,0,1,0,0,0,0,1,0,0,0,1,1,1
4885,2318,2234,446,441,1935,0.0,0,0.8,0.0,0,0,0,1,0,0,0,0,1,0,0,0,1,1,1
4895,2316,2234,447,440,1935,0.0,0,0.8,0.0,0,0,0,1,0,0,0,0,1,0,0,0,1,1,1
4905,2319,2234,447,440,1936,0.0,0,0.8,0.0,0,0,0,1,0,0,0,0,1,0,0,0,1,1,1
4915,2319,2233,448,441,1936,0.0,0,0.8,0.0,0,0,0,1,0,0,0,0,1,0,0,0,1,1,1
4925,2317,2234,446,441,1935,0.0,0,0.8,0.0,0,0,0,1,0,0,0,0,1,0,0,0,1,1,1
4935,2319,2235,446,444,1936,0.0,0,0.6,0.0,0,0,0,1,0,0,0,0,1,0,0,0,1,1,1
4945,2318,2235,447,440,1936,0.0,0,0.6,0.0,0,0,0,1,0,0,0,0,1,0,0,0,1,1,1
4955,2318,2234,448,442,1936,0.0,0,0.9,0.0,0,0,0,1,0,0,0,0,1,0,0,0,1,1,1
4965,2319,2234,447,440,1935,0.0,0,0.9,0.0,0,0,0,1,0,0,0,0,1,0,0,0,1,1,1
4975,2320,2234,446,440,1935,0.0,0,0.6,0.0,0,0,0,1,0,0,0,0,1,0,0,0,1,1,1
4985,2318,2235,447,441,1935,0.0,0,0.8,0.0,0,0,0,1,0,0,0,0,1,0,0,0,1,1,1
4995,2318,2234,448,442,1936,0.0,0,0.6,0.0,0,0,0,1,0,0,0,0,1,0,0,0,1,1,1
5005,2319,2234,447,440,1936,0.0,0,0.9,0.0,0,0,0,1,0,0,0,0,1,0,0,0,1,1,1
5015,2318,2234,446,441,1935,0.0,0,0.6,0.0,0,0,0,1,0,0,0,0,1,0,0,0,1,1,1
5025,2319,2234,448,440,1935,0.0,0,0.6,0.0,0,0,0,1,0,0,0,0,1,0,0,0,1,1,1
5035,2319,2234,446,441,1936,0.0,0,0.6,0.0,0,0,0,1,0,0,0,0,1,0,0,0,1,1,1
5045,2319,2235,450,440,1936,0.0,0,0.9,0.0,0,0,0,1,0,0,0,0,1,0,0,0,1,1,1
5055,2318,2234,447,440,1936,0.0,0,0.6,0.0,0,0,0,1,0,0,0,0,1,0,0,0,1,1,1
5065,2318,2235,447,440,1936,0.0,0,0.8,0.0,0,0,0,1,0,0,0,0,1,0,0,0,1,1,1
5075,2319,2230,445,442,1936,0.0,0,0.6,0.0,0,0,0,1,0,0,0,0,1,0,0,0,1,1,1
5085,2319,2234,446,441,1936,0.0,0,0.8,0.0,0,0,0,1,0,0,0,0,1,0,0,0,1,1,1
5095,2318,2235,448,441,1936,0.0,0,0.8,0.0,0,0,0,1,0,0,0,0,1,0,0,0,1,1,1
5105,2318,2248,446,442,1935,0.0,0,0.8,0.0,0,0,0,1,0,0,0,0,1,0,0,0,1,1,1
5115,2318,2231,445,441,1936,0.0,0,0.8,0.0,0,0,0,1,0,0,0,0,1,0,0,0,1,1,1
5125,2317,2234,447,441,1936,0.0,0,0.9,0.0,0,0,0,1,0,0,0,0,1,0,0,0,1,1,1
5135,2318,2234,446,441,1935,0.0,0,1.0,0.0,0,0,0,1,0,0,0,0,1,0,0,0,1,1,1
5145,2320,2234,445,440,1934,0.0,0,0.4,0.0,0,0,0,1,0,0,0,0,1,0,0,0,1,1,1
5155,2320,2234,449,441,1936,0.0,0,0.4,0.0,0,0,0,1,0,0,0,0,1,0,0,0,1,1,1
5165,2318,2234,448,440,1934,0.0,0,0.9,0.0,0,0,0,1,0,0,0,0,1,0,0,0,1,1,1
5175,2317,2234,447,441,1935,0.0,0,1.0,0.0,0,0,0,1,0,0,0,0,1,0,0,0,1,1,1
5185,2317,2234,446,440,1929,0.0,0,0.6,0.0,0,0,0,1,0,0,0,0,1,0,0,0,1,1,1
5195,2317,2234,447,441,1936,0.0,0,0.6,0.0,0,0,0,1,0,0,0,0,1,0,0,0,1,1,1
5205,2320,2235,445,441,1936,0.0,0,0.9,0.0,0,0,0,1,0,0,0,0,1,0,0,0,1,1,1
5215,2319,2234,447,441,1936,0.0,0,0.9,0.0,0,0,0,1,0,0,0,0,1,0,0,0,1,1,1
5225,2318,2234,446,440,1936,0.0,0,0.8,0.0,0,0,0,1,0,0,0,0,1,0,0,0,1,1,1
5235,2318,2234,447,440,1936,0.0,0,0.9,0.0,0,0,0,1,0,0,0,0,1,0,0,0,1,1,1
5245,2318,2234,446,441,1936,0.0,0,1.1,0.0,0,0,0,1,0,0,0,0,1,0,0,0,1,1,1
5255,2318,2234,446,440,1936,0.0,0,0.6,0.0,0,0,0,1,0,0,0,0,1,0,0,0,1,1,1
5266,2319,2234,446,440,1934,0.0,0,0.8,0.0,0,0,0,1,0,0,0,0,1,0,0,0,1,1,1
5276,2319,2233,448,441,1935,0.0,0,0.8,0.0,0,0,0,1,0,0,0,0,1,0,0,0,1,1,1
5286,2317,2233,447,439,1930,0.0,0,0.5,0.0,0,0,0,1,0,0,0,0,1,0,0,0,1,1,1
5296,2318,2238,446,441,1936,0.0,0,1.1,0.0,0,0,0,1,0,0,0,0,1,0,0,0,1,1,1
5306,2339,2234,445,440,1936,0.0,0,0.9,0.0,0,0,0,1,0,0,0,0,1,0,0,0,1,1,1
5316,2318,2234,448,441,1936,0.0,0,0.8,0.0,0,0,0,1,0,0,0,0,1,0,0,0,1,1,1
5326,2317,2234,445,440,1935,0.0,0,0.9,0.0,0,0,0,1,0,0,0,0,1,0,0,0,1,1,1
5336,2319,2234,448,441,1936,0.0,0,0.9,0.0,0,0,0,1,0,0,0,0,1,0,0,0,1,1,1
5346,2318,2234,448,440,1935,0.0,0,1.0,0.0,0,0,0,1,0,0,0,0,1,0,0,0,1,1,1
5356,2317,2234,446,440,1936,0.0,0,0.8,0.0,0,0,0,1,0,0,0,0,1,0,0,0,1,1,1
5366,2319,2234,448,442,1935,0.0,0,1.0,0.0,0,0,0,1,0,0,0,0,1,0,0,0,1,1,1
5376,2317,2234,447,441,1937,0.0,0,0.9,0.0,0,0,0,1,0,0,0,0,1,0,0,0,1,1,1
5386,2318,2234,446,441,1935,0.0,0,0.8,0.0,0,0,0,1,0,0,0,0,1,0,0,0,1,1,1
5396,2318,2234,448,442,1935,0.0,0,0.8,0.0,0,0,0,1,0,0,0,0,1,0,0,0,1,1,1
5406,2319,2235,446,441,1934,0.0,0,0.8,0.0,0,0,0,1,0,0,0,0,1,0,0,0,1,1,1
5416,2318,2235,446,440,1936,0.0,0,0.6,0.0,0,0,0,1,0,0,0,0,1,0,0,0,1,1,1
5426,2319,2234,446,440,1938,0.0,0,0.8,0.0,0,0,0,1,0,0,0,0,1,0,0,0,1,1,1
5436,2322,2235,446,441,1936,0.0,0,0.6,0.0,0,0,0,1,0,0,0,0,1,0,0,0,1,1,1
5446,2322,2235,448,439,1935,0.0,0,0.8,0.0,0,0,0,1,0,0,0,0,1,0,0,0,1,1,1
5456,2319,2234,449,440,1935,0.0,0,0.8,0.0,0,0,0,1,0,0,0,0,1,0,0,0,1,1,1
5466,2318,2234,448,440,1935,0.0,0,0.8,0.0,0,0,0,1,0,0,0,0,1,0,0,0,1,1,1
5476,2318,2234,445,441,1936,0.0,0,0.8,0.0,0,0,0,1,0,0,0,0,1,0,0,0,1,1,1
5486,2319,2234,447,441,1936,0.0,0,0.6,0.0,0,0,0,1,0,0,0,0,1,0,0,0,1,1,1
5496,2318,2236,447,440,1935,0.0,0,1.0,0.0,0,0,0,1,0,0,0,0,1,0,0,0,1,1,1
5506,2319,2234,448,441,1936,0.0,0,0.5,0.0,0,0,0,1,0,0,0,0,1,0,0,0,1,1,1
5516,2316,2234,446,441,1936,0.0,0,0.5,0.0,0,0,0,1,0,0,0,0,1,0,0,0,1,1,1
5526,2318,2235,448,442,1937,0.0,0,0.6,0.0,0,0,0,1,0,0,0,0,1,0,0,0,1,1,1
5536,2317,2233,446,440,1936,0.0,0,0.6,0.0,0,0,0,1,0,0,0,0,1,0,0,0,1,1,1
5546,2316,2234,445,440,1935,0.0,0,0.8,0.0,0,0,0,1,0,0,0,0,1,0,0,0,1,1,1
5556,2317,2234,447,441,1936,0.0,0,0.6,0.0,0,0,0,1,0,0,0,0,1,0,0,0,1,1,1
5566,2320,2234,446,440,1936,0.0,0,0.9,0.0,0,0,0,1,0,0,0,0,1,0,0,0,1,1,1
5576,2318,2236,447,440,1935,0.0,0,0.9,0.0,0,0,0,1,0,0,0,0,1,0,0,0,1,1,1
5586,2317,2233,447,441,1936,0.0,0,0.6,0.0,0,0,0,1,0,0,0,0,1,0,0,0,1,1,1
5596,2317,2234,446,441,1936,0.0,0,0.8,0.0,0,0,0,1,0,0,0,0,1,0,0,0,1,1,1
5606,2317,2233,445,442,1936,0.0,0,0.6,0.0,0,0,0,1,0,0,0,0,1,0,0,0,1,1,1
5616,2318,2233,446,441,1936,0.0,0,0.6,0.0,0,0,0,1,0,0,0,0,1,0,0,0,1,1,1
5626,2318,2234,445,441,1936,0.0,0,0.5,0.0,0,0,0,1,0,0,0,0,1,0,0,0,1,1,1
5636,2318,2235,447,444,1936,0.0,0,0.5,0.0,0,0,0,1,0,0,0,0,1,0,0,0,1,1,1
5646,2317,2234,447,440,1936,0.0,0,0.6,0.0,0,0,0,1,0,0,0,0,1,0,0,0,1,1,1
5656,2318,2234,447,440,1936,0.0,0,0.9,0.0,0,0,0,1,0,0,0,0,1,0,0,0,1,1,1
5666,2317,2234,445,440,1936,0.0,0,1.0,0.0,0,0,0,1,0,0,0,0,1,0,0,0,1,1,1
5676,2319,2230,447,442,1935,0.0,0,0.6,0.0,0,0,0,1,0,0,0,0,1,0,0,0,1,1,1
5686,2319,2234,444,441,1936,0.0,0,0.8,0.0,0,0,0,1,0,0,0,0,1,0,0,0,1,1,1
5696,2317,2233,446,440,1931,0.0,0,0.8,0.0,0,0,0,1,0,0,0,0,1,0,0,0,1,1,1
5706,2317,2234,446,442,1934,0.0,0,0.8,0.0,0,0,0,1,0,0,0,0,1,0,0,0,1,1,1
5716,2317,2233,445,440,1935,0.0,0,1.1,0.0,0,0,0,1,0,0,0,0,1,0,0,0,1,1,1
5726,2319,2234,445,440,1936,0.0,0,0.6,0.0,0,0,0,1,0,0,0,0,1,0,0,0,1,1,1
5736,2319,2234,448,442,1935,0.0,0,0.6,0.0,0,0,0,1,0,0,0,0,1,0,0,0,1,1,1
5746,2319,2235,447,441,1936,0.0,0,0.6,0.0,0,0,0,1,0,0,0,0,1,0,0,0,1,1,1
5756,2319,2231,447,440,1936,0.0,0,0.8,0.0,0,0,0,1,0,0,0,0,1,0,0,0,1,1,1
5766,2319,2234,447,441,1935,0.0,0,0.9,0.0,0,0,0,1,0,0,0,0,1,0,0,0,1,1,1
5776,2318,2234,447,438,1936,0.0,0,0.9,0.0,0,0,0,1,0,0,0,0,1,0,0,0,1,1,1
5786,2319,2234,449,441,1933,0.0,0,0.5,0.0,0,0,0,1,0,0,0,0,1,0,0,0,1,1,1
5796,2317,2234,446,440,1936,0.0,0,0.5,0.0,0,0,0,1,0,0,0,0,1,0,0,0,1,1,1
5806,2320,2234,447,440,1935,0.0,0,0.9,0.0,0,0,0,1,0,0,0,0,1,0,0,0,1,1,1
5816,2318,2234,446,440,1935,0.0,0,0.9,0.0,0,0,0,1,0,0,0,0,1,0,0,0,1,1,1
5826,2318,2235,448,441,1933,0.0,0,0.8,0.0,0,0,0,1,0,0,0,0,1,0,0,0,1,1,1
5836,2318,2234,448,441,1936,0.0,0,0.9,0.0,0,0,0,1,0,0,0,0,1,0,0,0,1,1,1
5846,2320,2233,445,441,1935,0.0,0,0.9,0.0,0,0,0,1,0,0,0,0,1,0,0,0,1,1,1
5856,2318,2234,447,440,1935,0.0,0,0.9,0.0,0,0,0,1,0,0,0,0,1,0,0,0,1,1,1
5866,2319,2234,445,441,1936,0.0,0,0.8,0.0,0,0,0,1,0,0,0,0,1,0,0,0,1,1,1
5876,2317,2234,445,440,1936,0.0,0,0.8,0.0,0,0,0,1,0,0,0,0,1,0,0,0,1,1,1
5886,2318,2236,446,440,1936,0.0,0,0.9,0.0,0,0,0,1,0,0,0,0,1,0,0,0,1,1,1
5896,2316,2234,447,442,1936,0.0,0,0.8,0.0,0,0,0,1,0,0,0,0,1,0,0,0,1,1,1
5906,2316,2233,447,441,1934,0.0,0,0.8,0.0,0,0,0,1,0,0,0,0,1,0,0,0,1,1,1
5916,2319,2234,447,442,1936,0.0,0,0.8,0.0,0,0,0,1,0,0,0,0,1,0,0,0,1,1,1
5926,2318,2234,447,440,1935,0.0,0,0.8,0.0,0,0,0,1,0,0,0,0,1,0,0,0,1,1,1
5936,2319,2234,448,440,1935,0.0,0,0.8,0.0,0,0,0,1,0,0,0,0,1,0,0,0,1,1,1
5946,2318,2233,448,441,1936,0.0,0,0.8,0.0,0,0,0,1,0,0,0,0,1,0,0,0,1,1,1
5956,2317,2234,445,440,1935,0.0,0,0.9,0.0,0,0,0,1,0,0,0,0,1,0,0,0,1,1,1
5966,2318,2236,447,441,1935,0.0,0,0.8,0.0,0,0,0,1,0,0,0,0,1,0,0,0,1,1,1
5976,2317,2234,447,440,1936,0.0,0,1.2,0.0,0,0,0,1,0,0,0,0,1,0,0,0,1,1,1
5986,2318,2236,447,439,1935,0.0,0,0.6,0.0,0,0,0,1,0,0,0,0,1,0,0,0,1,1,1
5996,2319,2236,447,440,1936,0.0,0,0.6,0.0,0,0,0,1,0,0,0,0,1,0,0,0,1,1,1
6006,2317,2235,448,441,1934,0.0,0,0.6,0.0,0,0,0,1,0,0,0,0,1,0,0,0,1,1,1
6016,2319,2234,446,440,1936,0.0,0,0.8,0.0,0,0,0,1,0,0,0,0,1,0,0,0,1,1,1
6026,2318,2234,447,441,1936,0.0,0,0.5,0.0,0,0,0,1,0,0,0,0,1,0,0,0,1,1,1
6036,2318,2234,446,440,1935,0.0,0,0.9,0.0,0,0,0,1,0,0,0,0,1,0,0,0,1,1,1
6046,2322,2235,446,440,1936,0.0,0,0.8,0.0,0,0,0,1,0,0,0,0,1,0,0,0,1,1,1
6056,2318,2232,447,441,1935,0.0,0,0.8,0.0,0,0,0,1,0,0,0,0,1,0,0,0,1,1,1
6066,2318,2234,448,440,1935,0.0,0,1.0,0.0,0,0,0,1,0,0,0,0,1,0,0,0,1,1,1
6076,2318,2234,446,441,1936,0.0,0,0.9,0.0,0,0,0,1,0,0,0,0,1,0,0,0,1,1,1
6086,2320,2234,449,440,1936,0.0,0,0.8,0.0,0,0,0,1,0,0,0,0,1,0,0,0,1,1,1
6096,2318,2234,450,439,1936,0.0,0,0.5,0.0,0,0,0,1,0,0,0,0,1,0,0,0,1,1,1
6106,2317,2234,444,439,1929,0.0,0,0.8,0.0,0,0,0,1,0,0,0,0,1,0,0,0,1,1,1
6116,2316,2234,447,440,1936,0.0,0,0.8,0.0,0,0,0,1,0,0,0,0,1,0,0,0,1,1,1
6126,2319,2235,447,440,1935,0.0,0,0.6,0.0,0,0,0,1,0,0,0,0,1,0,0,0,1,1,1
6136,2319,2234,447,440,1936,0.0,0,0.9,0.0,0,0,0,1,0,0,0,0,1,0,0,0,1,1,1
6146,2317,2234,447,440,1935,0.0,0,0.6,0.0,0,0,0,1,0,0,0,0,1,0,0,0,1,1,1
6156,2318,2235,447,442,1936,0.0,0,0.8,0.0,0,0,0,1,0,0,0,0,1,0,0,0,1,1,1
6166,2318,2234,448,440,1934,0.0,0,1.0,0.0,0,0,0,1,0,0,0,0,1,0,0,0,1,1,1
6176,2319,2235,434,442,1935,0.0,0,1.0,0.0,0,0,0,1,0,0,0,0,1,0,0,0,1,1,1
6186,2318,2234,445,441,1935,0.0,0,0.8,0.0,0,0,0,1,0,0,0,0,1,0,0,0,1,1,1
6196,2318,2233,448,440,1934,0.0,0,0.9,0.0,0,0,0,1,0,0,0,0,1,0,0,0,1,1,1
6206,2319,2234,447,440,1935,0.0,0,0.8,0.0,0,0,0,1,0,0,0,0,1,0,0,0,1,1,1
6216,2317,2234,449,441,1936,0.0,0,0.8,0.0,0,0,0,1,0,0,0,0,1,0,0,0,1,1,1
6226,2318,2234,448,441,1936,0.0,0,0.6,0.0,0,0,0,1,0,0,0,0,1,0,0,0,1,1,1
6236,2318,2234,447,442,1936,0.0,0,0.6,0.0,0,0,0,1,0,0,0,0,1,0,0,0,1,1,1
6246,2319,2235,446,441,1936,0.0,0,0.6,0.0,0,0,0,1,0,0,0,0,1,0,0,0,1,1,1
6256,2321,2234,448,440,1935,0.0,0,0.8,0.0,0,0,0,1,0,0,0,0,1,0,0,0,1,1,1
6266,2319,2234,446,440,1936,0.0,0,0.8,0.0,0,0,0,1,0,0,0,0,1,0,0,0,1,1,1
6276,2319,2234,447,441,1936,0.0,0,0.9,0.0,0,0,0,1,0,0,0,0,1,0,0,0,1,1,1
6286,2318,2234,450,439,1935,0.0,0,0.6,0.0,0,0,0,1,0,0,0,0,1,0,0,0,1,1,1
6296,2319,2234,451,440,1936,0.0,0,0.6,0.0,0,0,0,1,0,0,0,0,1,0,0,0,1,1,1
6306,2319,2234,448,440,1936,0.0,0,0.8,0.0,0,0,0,1,0,0,0,0,1,0,0,0,1,1,1
6316,2317,2233,448,441,1935,0.0,0,0.8,0.0,0,0,0,1,0,0,0,0,1,0,0,0,1,1,1
6326,2318,2234,446,440,1936,0.0,0,0.8,0.0,0,0,0,1,0,0,0,0,1,0,0,0,1,1,1
6336,2319,2233,446,440,1936,0.0,0,0.9,0.0,0,0,0,1,0,0,0,0,1,0,0,0,1,1,1
6346,2319,2234,446,440,1935,0.0,0,1.0,0.0,0,0,0,1,0,0,0,0,1,0,0,0,1,1,1
6356,2319,2238,447,440,1935,0.0,0,1.0,0.0,0,0,0,1,0,0,0,0,1,0,0,0,1,1,1
6366,2319,2234,447,440,1936,0.0,0,0.9,0.0,0,0,0,1,0,0,0,0,1,0,0,0,1,1,1
6376,2318,2234,447,442,1935,0.0,0,0.9,0.0,0,0,0,1,0,0,0,0,1,0,0,0,1,1,1
6386,2318,2234,450,440,1936,0.0,0,0.9,0.0,0,0,0,1,0,0,0,0,1,0,0,0,1,1,1
6396,2318,2235,447,441,1936,0.0,0,0.8,0.0,0,0,0,1,0,0,0,0,1,0,0,0,1,1,1
6406,2318,2234,446,441,1936,0.0,0,0.8,0.0,0,0,0,1,0,0,0,0,1,0,0,0,1,1,1
6416,2318,2234,447,442,1936,0.0,0,0.8,0.0,0,0,0,1,0,0,0,0,1,0,0,0,1,1,1
6426,2319,2234,448,442,1935,0.0,0,1.0,0.0,0,0,0,1,0,0,0,0,1,0,0,0,1,1,1
6436,2319,2234,447,440,1936,0.0,0,0.8,0.0,0,0,0,1,0,0,0,0,1,0,0,0,1,1,1
6446,2318,2234,445,440,1936,0.0,0,0.9,0.0,0,0,0,1,0,0,0,0,1,0,0,0,1,1,1
6456,2318,2234,446,443,1936,0.0,0,0.8,0.0,0,0,0,1,0,0,0,0,1,0,0,0,1,1,1
6466,2320,2235,447,440,1936,0.0,0,0.8,0.0,0,0,0,1,0,0,0,0,1,0,0,0,1,1,1
6476,2319,2233,446,442,1935,0.0,0,0.8,0.0,0,0,0,1,0,0,0,0,1,0,0,0,1,1,1
6486,2318,2234,447,441,1935,0.0,0,0.9,0.0,0,0,0,1,0,0,0,0,1,0,0,0,1,1,1
6496,2317,2235,447,443,1936,0.0,0,0.5,0.0,0,0,0,1,0,0,0,0,1,0,0,0,1,1,1
6506,2319,2234,447,442,1934,0.0,0,0.8,0.0,0,0,0,1,0,0,0,0,1,0,0,0,1,1,1
6516,2318,2234,447,441,1931,0.0,0,0.6,0.0,0,0,0,1,0,0,0,0,1,0,0,0,1,1,1
6526,2318,2234,447,439,1937,0.0,0,0.5,0.0,0,0,0,1,0,0,0,0,1,0,0,0,1,1,1
6536,2319,2233,445,440,1936,0.0,0,0.5,0.0,0,0,0,1,0,0,0,0,1,0,0,0,1,1,1
6546,2317,2234,447,441,1936,0.0,0,0.9,0.0,0,0,0,1,0,0,0,0,1,0,0,0,1,1,1
6556,2318,2234,447,440,1936,0.0,0,0.6,0.0,0,0,0,1,0,0,0,0,1,0,0,0,1,1,1
6566,2318,2233,447,441,1936,0.0,0,0.8,0.0,0,0,0,1,0,0,0,0,1,0,0,0,1,1,1
6576,2318,2234,447,442,1935,0.0,0,0.6,0.0,0,0,0,1,0,0,0,0,1,0,0,0,1,1,1
6586,2318,2234,444,441,1936,0.0,0,1.0,0.0,0,0,0,1,0,0,0,0,1,0,0,0,1,1,1
6596,2317,2234,445,441,1936,0.0,0,1.0,0.0,0,0,0,1,0,0,0,0,1,0,0,0,1,1,1
6606,2319,2234,447,441,1936,0.0,0,1.2,0.0,0,0,0,1,0,0,0,0,1,0,0,0,1,1,1
6616,2317,2233,448,441,1936,0.0,0,0.4,0.0,0,0,0,1,0,0,0,0,1,0,0,0,1,1,1
6626,2317,2234,447,441,1936,0.0,0,0.8,0.0,0,0,0,1,0,0,0,0,1,0,0,0,1,1,1
6636,2316,2235,445,441,1936,0.0,0,0.6,0.0,0,0,0,1,0,0,0,0,1,0,0,0,1,1,1
6646,2317,2234,447,441,1935,0.0,0,0.8,0.0,0,0,0,1,0,0,0,0,1,0,0,0,1,1,1
6656,2319,2234,448,441,1935,0.0,0,0.8,0.0,0,0,0,1,0,0,0,0,1,0,0,0,1,1,1
6666,2318,2234,446,440,1936,0.0,0,0.9,0.0,0,0,0,1,0,0,0,0,1,0,0,0,1,1,1
6676,2317,2235,448,441,1936,0.0,0,1.0,0.0,0,0,0,1,0,0,0,0,1,0,0,0,1,1,1
6686,2320,2234,447,439,1936,0.0,0,0.6,0.0,0,0,0,1,0,0,0,0,1,0,0,0,1,1,1
6696,2318,2234,446,441,1936,0.0,0,1.0,0.0,0,0,0,1,0,0,0,0,1,0,0,0,1,1,1
6706,2319,2234,447,439,1935,0.0,0,0.8,0.0,0,0,0,1,0,0,0,0,1,0,0,0,1,1,1
6716,2319,2234,447,441,1936,0.0,0,0.8,0.0,0,0,0,1,0,0,0,0,1,0,0,0,1,1,1
6726,2317,2235,446,441,1936,0.0,0,0.8,0.0,0,0,0,1,0,0,0,0,1,0,0,0,1,1,1
6736,2318,2234,447,439,1936,0.0,0,0.8,0.0,0,0,0,1,0,0,0,0,1,0,0,0,1,1,1
6746,2318,2234,445,441,1936,0.0,0,0.9,0.0,0,0,0,1,0,0,0,0,1,0,0,0,1,1,1
6756,2319,2235,447,441,1936,0.0,0,0.6,0.0,0,0,0,1,0,0,0,0,1,0,0,0,1,1,1
6766,2318,2235,445,441,1935,0.0,0,0.9,0.0,0,0,0,1,0,0,0,0,1,0,0,0,1,1,1
6776,2318,2235,446,440,1936,0.0,0,0.9,0.0,0,0,0,1,0,0,0,0,1,0,0,0,1,1,1
6786,2319,2234,445,442,1935,0.0,0,0.6,0.0,0,0,0,1,0,0,0,0,1,0,0,0,1,1,1
6796,2318,2236,448,440,1936,0.0,0,0.9,0.0,0,0,0,1,0,0,0,0,1,0,0,0,1,1,1
6806,2318,2234,447,441,1936,0.0,0,0.6,0.0,0,0,0,1,0,0,0,0,1,0,0,0,1,1,1
6816,2317,2235,445,440,1935,0.0,0,0.8,0.0,0,0,0,1,0,0,0,0,1,0,0,0,1,1,1
6826,2317,2235,446,441,1935,0.0,0,0.6,0.0,0,0,0,1,0,0,0,0,1,0,0,0,1,1,1
6836,2319,2235,447,439,1935,0.0,0,0.6,0.0,0,0,0,1,0,0,0,0,1,0,0,0,1,1,1
6846,2314,2234,447,440,1936,0.0,0,0.8,0.0,0,0,0,1,0,0,0,0,1,0,0,0,1,1,1
6856,2318,2234,447,440,1935,0.0,0,0.6,0.0,0,0,0,1,0,0,0,0,1,0,0,0,1,1,1
6866,2319,2234,448,440,1932,0.0,0,0.8,0.0,0,0,0,1,0,0,0,0,1,0,0,0,1,1,1
6876,2317,2234,447,441,1936,0.0,0,0.6,0.0,0,0,0,1,0,0,0,0,1,0,0,0,1,1,1
6886,2319,2234,448,439,1935,0.0,0,0.4,0.0,0,0,0,1,0,0,0,0,1,0,0,0,1,1,1
6896,2318,2234,447,441,1933,0.0,0,0.4,0.0,0,0,0,1,0,0,0,0,1,0,0,0,1,1,1
6906,2319,2234,449,440,1936,0.0,0,0.6,0.0,0,0,0,1,0,0,0,0,1,0,0,0,1,1,1
6916,2319,2235,447,440,1936,0.0,0,0.8,0.0,0,0,0,1,0,0,0,0,1,0,0,0,1,1,1
6926,2317,2234,446,440,1929,0.0,0,1.0,0.0,0,0,0,1,0,0,0,0,1,0,0,0,1,1,1
6936,2318,2233,447,441,1935,0.0,0,0.8,0.0,0,0,0,1,0,0,0,0,1,0,0,0,1,1,1
6946,2317,2235,448,441,1936,0.0,0,0.8,0.0,0,0,0,1,0,0,0,0,1,0,0,0,1,1,1
6956,2318,2234,446,440,1935,0.0,0,0.8,0.0,0,0,0,1,0,0,0,0,1,0,0,0,1,1,1
6966,2319,2234,446,442,1936,0.0,0,1.1,0.0,0,0,0,1,0,0,0,0,1,0,0,0,1,1,1
6976,2320,2234,447,440,1935,0.0,0,1.0,0.0,0,0,0,1,0,0,0,0,1,0,0,0,1,1,1
6986,2318,2234,447,441,1935,0.0,0,1.0,0.0,0,0,0,1,0,0,0,0,1,0,0,0,1,1,1
6996,2318,2235,446,441,1936,0.0,0,0.9,0.0,0,0,0,1,0,0,0,0,1,0,0,0,1,1,1
7006,2320,2235,447,441,1936,0.0,0,0.6,0.0,0,0,0,1,0,0,0,0,1,0,0,0,1,1,1
7016,2319,2234,447,441,1935,0.0,0,0.6,0.0,0,0,0,1,0,0,0,0,1,0,0,0,1,1,1
7026,2318,2234,445,442,1936,0.0,0,0.6,0.0,0,0,0,1,0,0,0,0,1,0,0,0,1,1,1
7036,2319,2235,446,439,1936,0.0,0,0.6,0.0,0,0,0,1,0,0,0,0,1,0,0,0,1,1,1
7046,2318,2234,446,440,1934,0.0,0,0.6,0.0,0,0,0,1,0,0,0,0,1,0,0,0,1,1,1
7056,2318,2234,446,440,1935,0.0,0,0.1,0.0,0,0,0,1,0,0,0,0,1,0,0,0,1,1,1
7066,2318,2234,445,442,1935,0.0,0,0.9,0.0,0,0,0,1,0,0,0,0,1,0,0,0,1,1,1
7076,2319,2234,447,438,1935,0.0,0,0.9,0.0,0,0,0,1,0,0,0,0,1,0,0,0,1,1,1
7086,2319,2235,445,441,1936,0.0,0,0.8,0.0,0,0,0,1,0,0,0,0,1,0,0,0,1,1,1
7096,2318,2234,446,440,1934,0.0,0,0.8,0.0,0,0,0,1,0,0,0,0,1,0,0,0,1,1,1
7106,2318,2234,448,441,1938,0.0,0,0.8,0.0,0,0,0,1,0,0,0,0,1,0,0,0,1,1,1
7116,2318,2234,448,440,1936,0.0,0,0.9,0.0,0,0,0,1,0,0,0,0,1,0,0,0,1,1,1
7126,2319,2234,445,441,1936,0.0,0,0.9,0.0,0,0,0,1,0,0,0,0,1,0,0,0,1,1,1
7136,2318,2234,447,440,1935,0.0,0,0.9,0.0,0,0,0,1,0,0,0,0,1,0,0,0,1,1,1
7146,2317,2234,448,441,1936,0.0,0,0.9,0.0,0,0,0,1,0,0,0,0,1,0,0,0,1,1,1
7156,2318,2234,446,443,1935,0.0,0,0.8,0.0,0,0,0,1,0,0,0,0,1,0,0,0,1,1,1
7166,2318,2235,448,441,1936,0.0,0,0.8,0.0,0,0,0,1,0,0,0,0,1,0,0,0,1,1,1
7176,2317,2238,447,442,1940,0.0,0,0.9,0.0,0,0,0,1,0,0,0,0,1,0,0,0,1,1,1
7186,2318,2235,447,440,1934,0.0,0,0.6,0.0,0,0,0,1,0,0,0,0,1,0,0,0,1,1,1
7196,2319,2235,445,441,1936,0.0,0,0.6,0.0,0,0,0,1,0,0,0,0,1,0,0,0,1,1,1
7206,2318,2234,448,442,1936,0.0,0,0.5,0.0,0,0,0,1,0,0,0,0,1,0,0,0,1,1,1
7216,2318,2234,448,441,1938,0.0,0,0.8,0.0,0,0,0,1,0,0,0,0,1,0,0,0,1,1,1
7226,2318,2234,448,441,1935,0.0,0,0.8,0.0,0,0,0,1,0,0,0,0,1,0,0,0,1,1,1
7236,2318,2234,445,439,1936,0.0,0,0.8,0.0,0,0,0,1,0,0,0,0,1,0,0,0,1,1,1
7246,2319,2234,443,440,1936,0.0,0,0.8,0.0,0,0,0,1,0,0,0,0,1,0,0,0,1,1,1
7256,2319,2235,448,440,1935,0.0,0,0.8,0.0,0,0,0,1,0,0,0,0,1,0,0,0,1,1,1
7266,2318,2234,447,441,1935,0.0,0,0.9,0.0,0,0,0,1,0,0,0,0,1,0,0,0,1,1,1
7276,2318,2234,447,440,1936,0.0,0,0.6,0.0,0,0,0,1,0,0,0,0,1,0,0,0,1,1,1
7286,2318,2235,446,441,1935,0.0,0,0.8,0.0,0,0,0,1,0,0,0,0,1,0,0,0,1,1,1
7296,2318,2234,448,442,1935,0.0,0,0.9,0.0,0,0,0,1,0,0,0,0,1,0,0,0,1,1,1
7306,2318,2234,447,440,1936,0.0,0,0.8,0.0,0,0,0,1,0,0,0,0,1,0,0,0,1,1,1
7316,2318,2235,447,440,1935,0.0,0,0.8,0.0,0,0,0,1,0,0,0,0,1,0,0,0,1,1,1
7326,2319,2235,448,440,1935,0.0,0,1.0,0.0,0,0,0,1,0,0,0,0,1,0,0,0,1,1,1
7336,2319,2234,447,440,1935,0.0,0,0.8,0.0,0,0,0,1,0,0,0,0,1,0,0,0,1,1,1
7346,2319,2235,447,442,1934,0.0,0,0.8,0.0,0,0,0,1,0,0,0,0,1,0,0,0,1,1,1
7356,2318,2235,448,439,1937,0.0,0,0.6,0.0,0,0,0,1,0,0,0,0,1,0,0,0,1,1,1
7366,2319,2235,446,439,1935,0.0,0,0.8,0.0,0,0,0,1,0,0,0,0,1,0,0,0,1,1,1
7376,2318,2234,445,441,1935,0.0,0,0.8,0.0,0,0,0,1,0,0,0,0,1,0,0,0,1,1,1
7386,2317,2234,446,440,1936,0.0,0,0.8,0.0,0,0,0,1,0,0,0,0,1,0,0,0,1,1,1
7396,2318,2234,446,440,1936,0.0,0,1.0,0.0,0,0,0,1,0,0,0,0,1,0,0,0,1,1,1
7406,2319,2235,446,440,1936,0.0,0,0.5,0.0,0,0,0,1,0,0,0,0,1,0,0,0,1,1,1
7416,2319,2234,447,439,1938,0.0,0,0.6,0.0,0,0,0,1,0,0,0,0,1,0,0,0,1,1,1
7426,2319,2234,448,442,1936,0.0,0,0.8,0.0,0,0,0,1,0,0,0,0,1,0,0,0,1,1,1
7436,2319,2234,445,441,1936,0.0,0,0.8,0.0,0,0,0,1,0,0,0,0,1,0,0,0,1,1,1
7446,2319,2234,447,441,1935,0.0,0,0.6,0.0,0,0,0,1,0,0,0,0,1,0,0,0,1,1,1
7456,2319,2234,446,440,1935,0.0,0,0.5,0.0,0,0,0,1,0,0,0,0,1,0,0,0,1,1,1
7466,2319,2234,448,442,1938,0.0,0,0.6,0.0,0,0,0,1,0,0,0,0,1,0,0,0,1,1,1
7476,2318,2236,446,439,1935,0.0,0,0.9,0.0,0,0,0,1,0,0,0,0,1,0,0,0,1,1,1
7486,2318,2234,448,439,1936,0.0,0,0.9,0.0,0,0,0,1,0,0,0,0,1,0,0,0,1,1,1
7496,2317,2234,446,440,1936,0.0,0,0.9,0.0,0,0,0,1,0,0,0,0,1,0,0,0,1,1,1
7506,2318,2234,447,439,1935,0.0,0,0.8,0.0,0,0,0,1,0,0,0,0,1,0,0,0,1,1,1
7516,2318,2234,446,440,1935,0.0,0,0.6,0.0,0,0,0,1,0,0,0,0,1,0,0,0,1,1,1
7526,2318,2233,447,440,1937,0.0,0,0.8,0.0,0,0,0,1,0,0,0,0,1,0,0,0,1,1,1
7536,2317,2234,446,440,1936,0.0,0,0.9,0.0,0,0,0,1,0,0,0,0,1,0,0,0,1,1,1
7546,2317,2236,445,442,1936,0.0,0,0.5,0.0,0,0,0,1,0,0,0,0,1,0,0,0,1,1,1
7556,2318,2234,448,440,1936,0.0,0,0.5,0.0,0,0,0,1,0,0,0,0,1,0,0,0,1,1,1
7566,2318,2234,447,441,1935,0.0,0,0.9,0.0,0,0,0,1,0,0,0,0,1,0,0,0,1,1,1
7576,2318,2234,448,441,1936,0.0,0,0.8,0.0,0,0,0,1,0,0,0,0,1,0,0,0,1,1,1
7586,2317,2234,446,441,1935,0.0,0,0.8,0.0,0,0,0,1,0,0,0,0,1,0,0,0,1,1,1
7596,2317,2233,448,440,1929,0.0,0,0.8,0.0,0,0,0,1,0,0,0,0,1,0,0,0,1,1,1
7606,2318,2234,447,439,1936,0.0,0,0.9,0.0,0,0,0,1,0,0,0,0,1,0,0,0,1,1,1
7616,2318,2234,449,439,1935,0.0,0,0.9,0.0,0,0,0,1,0,0,0,0,1,0,0,0,1,1,1
7626,2318,2234,446,441,1934,0.0,0,0.8,0.0,0,0,0,1,0,0,0,0,1,0,0,0,1,1,1
7636,2318,2234,447,440,1936,0.0,0,0.6,0.0,0,0,0,1,0,0,0,0,1,0,0,0,1,1,1
7646,2319,2234,448,442,1935,0.0,0,1.1,0.0,0,0,0,1,0,0,0,0,1,0,0,0,1,1,1
7656,2318,2234,448,441,1936,0.0,0,0.9,0.0,0,0,0,1,0,0,0,0,1,0,0,0,1,1,1
7666,2318,2234,445,441,1935,0.0,0,0.8,0.0,0,0,0,1,0,0,0,0,1,0,0,0,1,1,1
7676,2318,2234,446,441,1936,0.0,0,0.8,0.0,0,0,0,1,0,0,0,0,1,0,0,0,1,1,1
7686,2318,2234,447,440,1933,0.0,0,0.9,0.0,0,0,0,1,0,0,0,0,1,0,0,0,1,1,1
7696,2318,2233,447,440,1936,0.0,0,1.0,0.0,0,0,0,1,0,0,0,0,1,0,0,0,1,1,1
7706,2318,2232,446,440,1936,0.0,0,0.4,0.0,0,0,0,1,0,0,0,0,1,0,0,0,1,1,1
7716,2318,2234,447,441,1936,0.0,0,1.0,0.0,0,0,0,1,0,0,0,0,1,0,0,0,1,1,1
7726,2319,2234,447,440,1935,0.0,0,0.6,0.0,0,0,0,1,0,0,0,0,1,0,0,0,1,1,1
7736,2318,2234,446,441,1936,0.0,0,0.6,0.0,0,0,0,1,0,0,0,0,1,0,0,0,1,1,1
7746,2319,2234,448,442,1934,0.0,0,0.5,0.0,0,0,0,1,0,0,0,0,1,0,0,0,1,1,1
7756,2319,2234,446,440,1936,0.0,0,1.1,0.0,0,0,0,1,0,0,0,0,1,0,0,0,1,1,1
7766,2318,2234,446,441,1936,0.0,0,0.8,0.0,0,0,0,1,0,0,0,0,1,0,0,0,1,1,1
7776,2317,2234,445,440,1936,0.0,0,1.0,0.0,0,0,0,1,0,0,0,0,1,0,0,0,1,1,1
7786,2319,2234,447,439,1937,0.0,0,0.6,0.0,0,0,0,1,0,0,0,0,1,0,0,0,1,1,1
7796,2319,2234,448,441,1936,0.0,0,0.6,0.0,0,0,0,1,0,0,0,0,1,0,0,0,1,1,1
7806,2319,2234,446,440,1936,0.0,0,0.8,0.0,0,0,0,1,0,0,0,0,1,0,0,0,1,1,1
7816,2319,2234,446,440,1936,0.0,0,0.9,0.0,0,0,0,1,0,0,0,0,1,0,0,0,1,1,1
7826,2318,2234,447,441,1936,0.0,0,0.6,0.0,0,0,0,1,0,0,0,0,1,0,0,0,1,1,1
7836,2318,2234,447,440,1934,0.0,0,1.0,0.0,0,0,0,1,0,0,0,0,1,0,0,0,1,1,1
7846,2315,2233,447,442,1931,0.0,0,0.8,0.0,0,0,0,1,0,0,0,0,1,0,0,0,1,1,1
7856,2318,2234,445,441,1936,0.0,0,0.8,0.0,0,0,0,1,0,0,0,0,1,0,0,0,1,1,1
7866,2318,2235,448,440,1936,0.0,0,0.4,0.0,0,0,0,1,0,0,0,0,1,0,0,0,1,1,1
7876,2318,2234,448,440,1935,0.0,0,0.8,0.0,0,0,0,1,0,0,0,0,1,0,0,0,1,1,1
7886,2319,2235,447,440,1936,0.0,0,0.6,0.0,0,0,0,1,0,0,0,0,1,0,0,0,1,1,1
7896,2318,2235,449,441,1935,0.0,0,0.8,0.0,0,0,0,1,0,0,0,0,1,0,0,0,1,1,1
7906,2317,2234,446,443,1934,0.0,0,0.8,0.0,0,0,0,1,0,0,0,0,1,0,0,0,1,1,1
7916,2320,2235,448,440,1936,0.0,0,0.8,0.0,0,0,0,1,0,0,0,0,1,0,0,0,1,1,1
7926,2318,2234,447,441,1936,0.0,0,0.5,0.0,0,0,0,1,0,0,0,0,1,0,0,0,1,1,1
7936,2318,2234,447,440,1936,0.0,0,0.9,0.0,0,0,0,1,0,0,0,0,1,0,0,0,1,1,1
7946,2318,2234,447,440,1935,0.0,0,0.8,0.0,0,0,0,1,0,0,0,0,1,0,0,0,1,1,1
7956,2318,2234,444,441,1936,0.0,0,0.5,0.0,0,0,0,1,0,0,0,0,1,0,0,0,1,1,1
7966,2318,2234,445,441,1936,0.0,0,1.0,0.0,0,0,0,1,0,0,0,0,1,0,0,0,1,1,1
7976,2319,2236,446,440,1935,0.0,0,1.0,0.0,0,0,0,1,0,0,0,0,1,0,0,0,1,1,1
7986,2318,2234,446,441,1936,0.0,0,0.8,0.0,0,0,0,1,0,0,0,0,1,0,0,0,1,1,1
7996,2318,2234,446,441,1935,0.0,0,0.8,0.0,0,0,0,1,0,0,0,0,1,0,0,0,1,1,1
8006,2318,2234,446,442,1934,0.0,0,0.8,0.0,0,0,0,1,0,0,0,0,1,0,0,0,1,1,1
8016,2318,2235,448,441,1936,0.0,0,0.6,0.0,0,0,0,1,0,0,0,0,1,0,0,0,1,1,1
8026,2317,2234,447,440,1937,0.0,0,0.6,0.0,0,0,0,1,0,0,0,0,1,0,0,0,1,1,1
8156,2319,2235,447,441,1937,0.0,0,0.6,0.0,0,0,0,1,0,0,0,0,1,0,0,0,1,1,1
8166,2319,2235,447,441,1936,0.0,0,0.6,0.0,0,0,0,1,0,0,0,0,1,0,0,0,1,1,1
8176,2318,2234,447,441,1936,0.0,0,0.8,0.0,0,0,0,1,0,0,0,0,1,0,0,0,1,1,1
8186,2318,2236,446,440,1945,0.0,0,1.0,0.0,0,0,0,1,0,0,0,0,1,0,0,0,1,1,1
8196,2320,2234,447,441,1936,0.0,0,0.6,0.0,0,0,0,1,0,0,0,0,1,0,0,0,1,1,1
8206,2318,2237,445,442,1936,0.0,0,0.5,0.0,0,0,0,1,0,0,0,0,1,0,0,0,1,1,1
8216,2318,2236,448,443,1935,0.0,0,0.9,0.0,0,0,0,1,0,0,0,0,1,0,0,0,1,1,1
8226,2319,2235,446,441,1935,0.0,0,0.5,0.0,0,0,0,1,0,0,0,0,1,0,0,0,1,1,1
8236,2317,2234,446,439,1936,0.0,0,0.5,0.0,0,0,0,1,0,0,0,0,1,0,0,0,1,1,1
8246,2318,2234,447,440,1935,0.0,0,0.6,0.0,0,0,0,1,0,0,0,0,1,0,0,0,1,1,1
8256,2318,2232,446,441,1929,0.0,0,0.5,0.0,0,0,0,1,0,0,0,0,1,0,0,0,1,1,1
8266,2317,2234,447,441,1936,0.0,0,0.5,0.0,0,0,0,1,0,0,0,0,1,0,0,0,1,1,1
8276,2318,2234,448,440,1936,0.0,0,0.8,0.0,0,0,0,1,0,0,0,0,1,0,0,0,1,1,1
8286,2319,2234,448,438,1934,0.0,0,0.6,0.0,0,0,0,1,0,0,0,0,1,0,0,0,1,1,1
8296,2319,2234,447,442,1935,0.0,0,0.6,0.0,0,0,0,1,0,0,0,0,1,0,0,0,1,1,1
8306,2319,2234,448,441,1935,0.0,0,0.9,0.0,0,0,0,1,0,0,0,0,1,0,0,0,1,1,1
8316,2319,2234,446,441,1935,0.0,0,1.0,0.0,0,0,0,1,0,0,0,0,1,0,0,0,1,1,1
8326,2317,2234,446,440,1936,0.0,0,0.5,0.0,0,0,0,1,0,0,0,0,1,0,0,0,1,1,1
8336,2318,2234,447,440,1936,0.0,0,0.8,0.0,0,0,0,1,0,0,0,0,1,0,0,0,1,1,1
8346,2319,2234,446,439,1936,0.0,0,0.8,0.0,0,0,0,1,0,0,0,0,1,0,0,0,1,1,1
8356,2316,2235,445,440,1936,0.0,0,0.8,0.0,0,0,0,1,0,0,0,0,1,0,0,0,1,1,1
8366,2318,2235,448,442,1936,0.0,0,0.5,0.0,0,0,0,1,0,0,0,0,1,0,0,0,1,1,1
8376,2319,2234,446,440,1935,0.0,0,0.6,0.0,0,0,0,1,0,0,0,0,1,0,0,0,1,1,1
8386,2317,2234,445,440,1935,0.0,0,0.8,0.0,0,0,0,1,0,0,0,0,1,0,0,0,1,1,1
8396,2319,2234,446,440,1936,0.0,0,0.8,0.0,0,0,0,1,0,0,0,0,1,0,0,0,1,1,1
8406,2318,2233,448,441,1938,0.0,0,0.6,0.0,0,0,0,1,0,0,0,0,1,0,0,0,1,1,1
8416,2319,2235,447,441,1936,0.0,0,0.9,0.0,0,0,0,1,0,0,0,0,1,0,0,0,1,1,1
8426,2319,2235,446,440,1936,0.0,0,0.9,0.0,0,0,0,1,0,0,0,0,1,0,0,0,1,1,1
8436,2318,2232,446,440,1936,0.0,0,0.8,0.0,0,0,0,1,0,0,0,0,1,0,0,0,1,1,1
8446,2318,2234,447,441,1936,0.0,0,0.6,0.0,0,0,0,1,0,0,0,0,1,0,0,0,1,1,1
8456,2318,2234,445,440,1934,0.0,0,0.9,0.0,0,0,0,1,0,0,0,0,1,0,0,0,1,1,1
8466,2319,2234,447,440,1936,0.0,0,0.9,0.0,0,0,0,1,0,0,0,0,1,0,0,0,1,1,1
8476,2319,2234,447,442,1935,0.0,0,0.6,0.0,0,0,0,1,0,0,0,0,1,0,0,0,1,1,1
8486,2319,2234,448,441,1936,0.0,0,0.6,0.0,0,0,0,1,0,0,0,0,1,0,0,0,1,1,1
8496,2318,2235,446,453,1936,0.0,0,1.0,0.0,0,0,0,1,0,0,0,0,1,0,0,0,1,1,1
8506,2319,2234,446,439,1936,0.0,0,0.8,0.0,0,0,0,1,0,0,0,0,1,0,0,0,1,1,1
8516,2318,2234,446,441,1936,0.0,0,0.8,0.0,0,0,0,1,0,0,0,0,1,0,0,0,1,1,1
8526,2319,2234,447,440,1937,0.0,0,0.8,0.0,0,0,0,1,0,0,0,0,1,0,0,0,1,1,1
8536,2318,2235,447,442,1936,0.0,0,0.8,0.0,0,0,0,1,0,0,0,0,1,0,0,0,1,1,1
8776,2318,2234,445,440,1935,0.0,0,0.8,0.0,0,0,0,1,0,0,0,0,1,0,0,0,1,1,1
8786,2317,2233,446,442,1936,0.0,0,0.8,0.0,0,0,0,1,0,0,0,0,1,0,0,0,1,1,1
8796,2317,2234,446,444,1936,0.0,0,0.8,0.0,0,0,0,1,0,0,0,0,1,0,0,0,1,1,1
8806,2319,2234,447,442,1938,0.0,0,0.6,0.0,0,0,0,1,0,0,0,0,1,0,0,0,1,1,1
8816,2318,2234,447,441,1938,0.0,0,0.9,0.0,0,0,0,1,0,0,0,0,1,0,0,0,1,1,1
8826,2318,2234,448,441,1936,0.0,0,0.6,0.0,0,0,0,1,0,0,0,0,1,0,0,0,1,1,1
8836,2318,2234,446,438,1936,0.0,0,0.8,0.0,0,0,0,1,0,0,0,0,1,0,0,0,1,1,1
8846,2319,2234,448,441,1936,0.0,0,0.8,0.0,0,0,0,1,0,0,0,0,1,0,0,0,1,1,1
8856,2319,2234,446,444,1937,0.0,0,0.8,0.0,0,0,0,1,0,0,0,0,1,0,0,0,1,1,1
8866,2318,2235,445,440,1937,0.0,0,0.8,0.0,0,0,0,1,0,0,0,0,1,0,0,0,1,1,1
8876,2318,2234,448,441,1937,0.0,0,0.8,0.0,0,0,0,1,0,0,0,0,1,0,0,0,1,1,1
8886,2318,2234,447,441,1933,0.0,0,0.8,0.0,0,0,0,1,0,0,0,0,1,0,0,0,1,1,1
8896,2318,2234,446,440,1936,0.0,0,0.9,0.0,0,0,0,1,0,0,0,0,1,0,0,0,1,1,1
8906,2319,2234,445,441,1936,0.0,0,0.9,0.0,0,0,0,1,0,0,0,0,1,0,0,0,1,1,1
8916,2317,2233,446,441,1936,0.0,0,0.6,0.0,0,0,0,1,0,0,0,0,1,0,0,0,1,1,1
8926,2318,2234,446,441,1935,0.0,0,0.9,0.0,0,0,0,1,0,0,0,0,1,0,0,0,1,1,1
8936,2317,2234,447,441,1936,0.0,0,0.6,0.0,0,0,0,1,0,0,0,0,1,0,0,0,1,1,1
8946,2318,2234,448,441,1936,0.0,0,0.8,0.0,0,0,0,1,0,0,0,0,1,0,0,0,1,1,1
8956,2319,2234,448,441,1936,0.0,0,0.8,0.0,0,0,0,1,0,0,0,0,1,0,0,0,1,1,1
8966,2321,2235,448,440,1936,0.0,0,0.8,0.0,0,0,0,1,0,0,0,0,1,0,0,0,1,1,1
8976,2320,2234,446,442,1935,0.0,0,0.5,0.0,0,0,0,1,0,0,0,0,1,0,0,0,1,1,1
8986,2318,2234,446,441,1934,0.0,0,0.8,0.0,0,0,0,1,0,0,0,0,1,0,0,0,1,1,1
8996,2319,2234,447,441,1936,0.0,0,0.8,0.0,0,0,0,1,0,0,0,0,1,0,0,0,1,1,1
9006,2317,2234,450,441,1935,0.0,0,0.8,0.0,0,0,0,1,0,0,0,0,1,0,0,0,1,1,1
9016,2317,2234,451,440,1935,0.0,0,1.1,0.0,0,0,0,1,0,0,0,0,1,0,0,0,1,1,1
9026,2319,2235,445,440,1936,0.0,0,1.1,0.0,0,0,0,1,0,0,0,0,1,0,0,0,1,1,1
9036,2318,2235,448,440,1935,0.0,0,1.0,0.0,0,0,0,1,0,0,0,0,1,0,0,0,1,1,1
9046,2318,2234,447,439,1935,0.0,0,0.9,0.0,0,0,0,1,0,0,0,0,1,0,0,0,1,1,1
9056,2318,2234,446,440,1936,0.0,0,0.8,0.0,0,0,0,1,0,0,0,0,1,0,0,0,1,1,1
9066,2318,2235,446,439,1936,0.0,0,0.2,0.0,0,0,0,1,0,0,0,0,1,0,0,0,1,1,1
9076,2319,2234,447,440,1928,0.0,0,0.6,0.0,0,0,0,1,0,0,0,0,1,0,0,0,1,1,1
9086,2318,2235,451,440,1936,0.0,0,0.6,0.0,0,0,0,1,0,0,0,0,1,0,0,0,1,1,1
9096,2319,2234,449,440,1935,0.0,0,0.6,0.0,0,0,0,1,0,0,0,0,1,0,0,0,1,1,1
9106,2325,2234,447,440,1936,0.0,0,1.1,0.0,0,0,0,1,0,0,0,0,1,0,0,0,1,1,1
9116,2319,2235,448,440,1935,0.0,0,0.8,0.0,0,0,0,1,0,0,0,0,1,0,0,0,1,1,1
9126,2320,2235,446,441,1935,0.0,0,0.8,0.0,0,0,0,1,0,0,0,0,1,0,0,0,1,1,1
9136,2318,2235,447,441,1936,0.0,0,0.6,0.0,0,0,0,1,0,0,0,0,1,0,0,0,1,1,1
9146,2319,2234,446,440,1936,0.0,0,0.6,0.0,0,0,0,1,0,0,0,0,1,0,0,0,1,1,1
9156,2319,2235,447,441,1936,0.0,0,0.8,0.0,0,0,0,1,0,0,0,0,1,0,0,0,1,1,1
9166,2318,2234,446,441,1937,0.0,0,0.8,0.0,0,0,0,1,0,0,0,0,1,0,0,0,1,1,1
9176,2318,2234,447,441,1936,0.0,0,0.8,0.0,0,0,0,1,0,0,0,0,1,0,0,0,1,1,1
9186,2318,2235,447,440,1935,0.0,0,0.6,0.0,0,0,0,1,0,0,0,0,1,0,0,0,1,1,1
9196,2318,2235,449,441,1934,0.0,0,0.6,0.0,0,0,0,1,0,0,0,0,1,0,0,0,1,1,1
9206,2317,2234,447,442,1935,0.0,0,0.6,0.0,0,0,0,1,0,0,0,0,1,0,0,0,1,1,1
9216,2318,2235,446,441,1935,0.0,0,0.6,0.0,0,0,0,1,0,0,0,0,1,0,0,0,1,1,1
9226,2316,2234,447,441,1936,0.0,0,0.8,0.0,0,0,0,1,0,0,0,0,1,0,0,0,1,1,1
9236,2319,2234,446,441,1937,0.0,0,0.8,0.0,0,0,0,1,0,0,0,0,1,0,0,0,1,1,1
9246,2318,2234,449,439,1936,0.0,0,0.6,0.0,0,0,0,1,0,0,0,0,1,0,0,0,1,1,1
9256,2319,2234,445,440,1935,0.0,0,0.6,0.0,0,0,0,1,0,0,0,0,1,0,0,0,1,1,1
9266,2318,2234,447,440,1934,0.0,0,0.6,0.0,0,0,0,1,0,0,0,0,1,0,0,0,1,1,1
9276,2318,2234,447,443,1936,0.0,0,0.9,0.0,0,0,0,1,0,0,0,0,1,0,0,0,1,1,1
9286,2318,2234,448,440,1936,0.0,0,0.6,0.0,0,0,0,1,0,0,0,0,1,0,0,0,1,1,1
9296,2317,2234,448,441,1936,0.0,0,0.8,0.0,0,0,0,1,0,0,0,0,1,0,0,0,1,1,1
9306,2318,2233,446,442,1936,0.0,0,0.8,0.0,0,0,0,1,0,0,0,0,1,0,0,0,1,1,1
9316,2319,2235,447,440,1935,0.0,0,0.9,0.0,0,0,0,1,0,0,0,0,1,0,0,0,1,1,1
9326,2317,2234,449,442,1935,0.0,0,0.9,0.0,0,0,0,1,0,0,0,0,1,0,0,0,1,1,1
9336,2318,2234,447,440,1936,0.0,0,0.8,0.0,0,0,0,1,0,0,0,0,1,0,0,0,1,1,1
9346,2318,2235,447,441,1936,0.0,0,0.6,0.0,0,0,0,1,0,0,0,0,1,0,0,0,1,1,1
9356,2317,2234,446,441,1936,0.0,0,0.9,0.0,0,0,0,1,0,0,0,0,1,0,0,0,1,1,1
9366,2318,2234,448,441,1936,0.0,0,0.4,0.0,0,0,0,1,0,0,0,0,1,0,0,0,1,1,1
9376,2318,2234,447,443,1933,0.0,0,0.6,0.0,0,0,0,1,0,0,0,0,1,0,0,0,1,1,1
9386,2318,2235,448,441,1936,0.0,0,0.6,0.0,0,0,0,1,0,0,0,0,1,0,0,0,1,1,1
9396,2319,2234,446,442,1936,0.0,0,1.0,0.0,0,0,0,1,0,0,0,0,1,0,0,0,1,1,1
9406,2319,2235,448,440,1936,0.0,0,0.6,0.0,0,0,0,1,0,0,0,0,1,0,0,0,1,1,1
9416,2319,2235,446,440,1935,0.0,0,0.6,0.0,0,0,0,1,0,0,0,0,1,0,0,0,1,1,1
9426,2318,2234,449,440,1936,0.0,0,0.8,0.0,0,0,0,1,0,0,0,0,1,0,0,0,1,1,1
9436,2319,2234,447,441,1936,0.0,0,0.8,0.0,0,0,0,1,0,0,0,0,1,0,0,0,1,1,1
9446,2318,2234,447,441,1936,0.0,0,0.8,0.0,0,0,0,1,0,0,0,0,1,0,0,0,1,1,1
9456,2319,2234,447,440,1936,0.0,0,0.8,0.0,0,0,0,1,0,0,0,0,1,0,0,0,1,1,1
9466,2319,2234,448,442,1936,0.0,0,0.9,0.0,0,0,0,1,0,0,0,0,1,0,0,0,1,1,1
9476,2317,2234,445,440,1934,0.0,0,0.8,0.0,0,0,0,1,0,0,0,0,1,0,0,0,1,1,1
9486,2318,2234,446,442,1936,0.0,0,0.8,0.0,0,0,0,1,0,0,0,0,1,0,0,0,1,1,1
9496,2319,2234,446,440,1935,0.0,0,0.8,0.0,0,0,0,1,0,0,0,0,1,0,0,0,1,1,1
9506,2319,2234,446,442,1936,0.0,0,0.8,0.0,0,0,0,1,0,0,0,0,1,0,0,0,1,1,1
9516,2319,2234,448,441,1936,0.0,0,0.9,0.0,0,0,0,1,0,0,0,0,1,0,0,0,1,1,1
9526,2319,2234,444,440,1937,0.0,0,0.5,0.0,0,0,0,1,0,0,0,0,1,0,0,0,1,1,1
9536,2316,2233,448,439,1936,0.0,0,0.6,0.0,0,0,0,1,0,0,0,0,1,0,0,0,1,1,1
9546,2316,2234,447,440,1936,0.0,0,0.8,0.0,0,0,0,1,0,0,0,0,1,0,0,0,1,1,1
9556,2317,2234,445,441,1935,0.0,0,1.0,0.0,0,0,0,1,0,0,0,0,1,0,0,0,1,1,1
9566,2318,2234,448,440,1935,0.0,0,1.0,0.0,0,0,0,1,0,0,0,0,1,0,0,0,1,1,1
9576,2318,2233,447,441,1936,0.0,0,1.0,0.0,0,0,0,1,0,0,0,0,1,0,0,0,1,1,1
9586,2318,2234,447,441,1935,0.0,0,0.8,0.0,0,0,0,1,0,0,0,0,1,0,0,0,1,1,1
9596,2318,2235,448,440,1936,0.0,0,0.9,0.0,0,0,0,1,0,0,0,0,1,0,0,0,1,1,1
9606,2317,2234,446,442,1936,0.0,0,0.9,0.0,0,0,0,1,0,0,0,0,1,0,0,0,1,1,1
9616,2318,2234,446,440,1935,0.0,0,0.6,0.0,0,0,0,1,0,0,0,0,1,0,0,0,1,1,1
9626,2317,2234,447,441,1934,0.0,0,0.6,0.0,0,0,0,1,0,0,0,0,1,0,0,0,1,1,1
9636,2314,2234,445,440,1936,0.0,0,0.5,0.0,0,0,0,1,0,0,0,0,1,0,0,0,1,1,1
9646,2318,2234,447,441,1936,0.0,0,0.9,0.0,0,0,0,1,0,0,0,0,1,0,0,0,1,1,1
9656,2317,2234,446,441,1934,0.0,0,0.8,0.0,0,0,0,1,0,0,0,0,1,0,0,0,1,1,1
9666,2318,2233,447,440,1934,0.0,0,0.5,0.0,0,0,0,1,0,0,0,0,1,0,0,0,1,1,1
9676,2317,2234,445,441,1936,0.0,0,1.0,0.0,0,0,0,1,0,0,0,0,1,0,0,0,1,1,1
9686,2319,2234,445,441,1936,0.0,0,1.0,0.0,0,0,0,1,0,0,0,0,1,0,0,0,1,1,1
9696,2317,2233,445,440,1935,0.0,0,0.8,0.0,0,0,0,1,0,0,0,0,1,0,0,0,1,1,1
9706,2318,2234,445,440,1936,0.0,0,0.2,0.0,0,0,0,1,0,0,0,0,1,0,0,0,1,1,1
9716,2317,2234,446,440,1936,0.0,0,0.8,0.0,0,0,0,1,0,0,0,0,1,0,0,0,1,1,1
9726,2318,2234,447,441,1936,0.0,0,0.6,0.0,0,0,0,1,0,0,0,0,1,0,0,0,1,1,1
9736,2318,2234,448,440,1936,0.0,0,0.8,0.0,0,0,0,1,0,0,0,0,1,0,0,0,1,1,1
9746,2318,2233,447,440,1935,0.0,0,0.8,0.0,0,0,0,1,0,0,0,0,1,0,0,0,1,1,1
9756,2318,2234,446,441,1936,0.0,0,0.8,0.0,0,0,0,1,0,0,0,0,1,0,0,0,1,1,1
9766,2319,2235,448,440,1935,0.0,0,0.6,0.0,0,0,0,1,0,0,0,0,1,0,0,0,1,1,1
9776,2319,2234,447,440,1936,0.0,0,0.6,0.0,0,0,0,1,0,0,0,0,1,0,0,0,1,1,1
9786,2316,2234,448,439,1936,0.0,0,0.6,0.0,0,0,0,1,0,0,0,0,1,0,0,0,1,1,1
9796,2318,2234,447,441,1936,0.0,0,0.8,0.0,0,0,0,1,0,0,0,0,1,0,0,0,1,1,1
9806,2319,2234,448,442,1936,0.0,0,0.8,0.0,0,0,0,1,0,0,0,0,1,0,0,0,1,1,1
9816,2318,2234,446,441,1934,0.0,0,0.6,0.0,0,0,0,1,0,0,0,0,1,0,0,0,1,1,1
9826,2318,2234,448,441,1936,0.0,0,0.8,0.0,0,0,0,1,0,0,0,0,1,0,0,0,1,1,1
9836,2318,2232,447,440,1940,0.0,0,0.6,0.0,0,0,0,1,0,0,0,0,1,0,0,0,1,1,1
9846,2319,2235,446,440,1936,0.0,0,0.6,0.0,0,0,0,1,0,0,0,0,1,0,0,0,1,1,1
9856,2319,2234,445,441,1933,0.0,0,0.8,0.0,0,0,0,1,0,0,0,0,1,0,0,0,1,1,1
9866,2319,2234,448,440,1936,0.0,0,0.8,0.0,0,0,0,1,0,0,0,0,1,0,0,0,1,1,1
9876,2318,2234,448,440,1936,0.0,0,0.5,0.0,0,0,0,1,0,0,0,0,1,0,0,0,1,1,1
9886,2318,2234,448,440,1936,0.0,0,0.8,0.0,0,0,0,1,0,0,0,0,1,0,0,0,1,1,1
9896,2317,2234,448,441,1933,0.0,0,0.6,0.0,0,0,0,1,0,0,0,0,1,0,0,0,1,1,1
9906,2318,2235,449,440,1936,0.0,0,0.6,0.0,0,0,0,1,0,0,0,0,1,0,0,0,1,1,1
9916,2318,2234,445,440,1935,0.0,0,0.8,0.0,0,0,0,1,0,0,0,0,1,0,0,0,1,1,1
9926,2318,2235,443,440,1936,0.0,0,0.8,0.0,0,0,0,1,0,0,0,0,1,0,0,0,1,1,1
9936,2318,2234,445,439,1936,0.0,0,0.6,0.0,0,0,0,1,0,0,0,0,1,0,0,0,1,1,1
9946,2319,2235,447,441,1936,0.0,0,0.8,0.0,0,0,0,1,0,0,0,0,1,0,0,0,1,1,1
9956,2318,2234,448,441,1936,0.0,0,0.8,0.0,0,0,0,1,0,0,0,0,1,0,0,0,1,1,1
9966,2319,2234,447,441,1936,0.0,0,0.9,0.0,0,0,0,1,0,0,0,0,1,0,0,0,1,1,1
9976,2319,2234,446,441,1935,0.0,0,0.6,0.0,0,0,0,1,0,0,0,0,1,0,0,0,1,1,1
9986,2318,2234,449,440,1936,0.0,0,0.6,0.0,0,0,0,1,0,0,0,0,1,0,0,0,1,1,1
9996,2317,2233,447,440,1933,0.0,0,1.0,0.0,0,0,0,1,0,0,0,0,1,0,0,0,1,1,1
10006,2319,2234,447,440,1933,0.0,0,0.8,0.0,0,0,0,1,0,0,0,0,1,0,0,0,1,1,1
10016,2319,2234,445,438,1936,0.0,0,0.9,0.0,0,0,0,1,0,0,0,0,1,0,0,0,1,1,1
10026,2316,2234,447,441,1937,0.0,0,0.6,0.0,0,0,0,1,0,0,0,0,1,0,0,0,1,1,1
10036,2319,2234,445,441,1936,0.0,0,0.5,0.0,0,0,0,1,0,0,0,0,1,0,0,0,1,1,1
10046,2319,2233,445,440,1936,0.0,0,0.5,0.0,0,0,0,1,0,0,0,0,1,0,0,0,1,1,1
10056,2318,2234,447,440,1936,0.0,0,0.8,0.0,0,0,0,1,0,0,0,0,1,0,0,0,1,1,1
10066,2318,2234,449,441,1936,0.0,0,1.0,0.0,0,0,0,1,0,0,0,0,1,0,0,0,1,1,1
10076,2317,2234,446,440,1936,0.0,0,0.9,0.0,0,0,0,1,0,0,0,0,1,0,0,0,1,1,1
10086,2317,2234,447,442,1936,0.0,0,0.6,0.0,0,0,0,1,0,0,0,0,1,0,0,0,1,1,1
10096,2317,2234,447,440,1935,0.0,0,0.8,0.0,0,0,0,1,0,0,0,0,1,0,0,0,1,1,1
10106,2318,2233,447,440,1936,0.0,0,0.8,0.0,0,0,0,1,0,0,0,0,1,0,0,0,1,1,1
10116,2319,2234,446,440,1935,0.0,0,0.6,0.0,0,0,0,1,0,0,0,0,1,0,0,0,1,1,1
10126,2319,2234,447,441,1935,0.0,0,0.8,0.0,0,0,0,1,0,0,0,0,1,0,0,0,1,1,1
10136,2318,2235,446,442,1936,0.0,0,0.9,0.0,0,0,0,1,0,0,0,0,1,0,0,0,1,1,1
10146,2317,2234,446,442,1936,0.0,0,0.8,0.0,0,0,0,1,0,0,0,0,1,0,0,0,1,1,1
10156,2318,2234,446,439,1935,0.0,0,0.6,0.0,0,0,0,1,0,0,0,0,1,0,0,0,1,1,1
10166,2318,2234,448,439,1936,0.0,0,0.6,0.0,0,0,0,1,0,0,0,0,1,0,0,0,1,1,1
10176,2319,2234,451,442,1936,0.0,0,0.8,0.0,0,0,0,1,0,0,0,0,1,0,0,0,1,1,1
10186,2318,2235,447,440,1936,0.0,0,0.9,0.0,0,0,0,1,0,0,0,0,1,0,0,0,1,1,1
10196,2317,2234,448,439,1936,0.0,0,0.4,0.0,0,0,0,1,0,0,0,0,1,0,0,0,1,1,1
10206,2319,2235,447,441,1936,0.0,0,0.8,0.0,0,0,0,1,0,0,0,0,1,0,0,0,1,1,1
10216,2319,2234,447,439,1935,0.0,0,0.6,0.0,0,0,0,1,0,0,0,0,1,0,0,0,1,1,1
10226,2319,2235,450,441,1936,0.0,0,0.6,0.0,0,0,0,1,0,0,0,0,1,0,0,0,1,1,1
10236,2319,2232,446,440,1937,0.0,0,0.6,0.0,0,0,0,1,0,0,0,0,1,0,0,0,1,1,1
10246,2318,2234,447,442,1936,0.0,0,0.8,0.0,0,0,0,1,0,0,0,0,1,0,0,0,1,1,1
10256,2318,2233,446,439,1936,0.0,0,0.9,0.0,0,0,0,1,0,0,0,0,1,0,0,0,1,1,1
10266,2319,2236,449,441,1936,0.0,0,0.8,0.0,0,0,0,1,0,0,0,0,1,0,0,0,1,1,1
10276,2318,2235,447,441,1936,0.0,0,0.6,0.0,0,0,0,1,0,0,0,0,1,0,0,0,1,1,1
10286,2319,2234,448,441,1935,0.0,0,0.6,0.0,0,0,0,1,0,0,0,0,1,0,0,0,1,1,1
10296,2316,2234,448,440,1937,0.0,0,1.1,0.0,0,0,0,1,0,0,0,0,1,0,0,0,1,1,1
10306,2319,2234,447,442,1935,0.0,0,0.8,0.0,0,0,0,1,0,0,0,0,1,0,0,0,1,1,1
10316,2315,2234,448,440,1936,0.0,0,0.8,0.0,0,0,0,1,0,0,0,0,1,0,0,0,1,1,1
10326,2318,2234,447,440,1936,0.0,0,1.0,0.0,0,0,0,1,0,0,0,0,1,0,0,0,1,1,1
10336,2318,2234,446,438,1936,0.0,0,0.4,0.0,0,0,0,1,0,0,0,0,1,0,0,0,1,1,1
10347,2319,2235,446,439,1935,0.0,0,0.4,0.0,0,0,0,1,0,0,0,0,1,0,0,0,1,1,1
10357,2318,2234,447,441,1935,0.0,0,0.6,0.0,0,0,0,1,0,0,0,0,1,0,0,0,1,1,1
10367,2317,2234,449,442,1934,0.0,0,0.6,0.0,0,0,0,1,0,0,0,0,1,0,0,0,1,1,1
10377,2318,2235,449,440,1935,0.0,0,0.9,0.0,0,0,0,1,0,0,0,0,1,0,0,0,1,1,1
10387,2318,2234,448,440,1934,0.0,0,0.8,0.0,0,0,0,1,0,0,0,0,1,0,0,0,1,1,1
10397,2318,2234,448,441,1936,0.0,0,0.9,0.0,0,0,0,1,0,0,0,0,1,0,0,0,1,1,1
10407,2319,2234,447,440,1934,0.0,0,0.6,0.0,0,0,0,1,0,0,0,0,1,0,0,0,1,1,1
10417,2319,2235,447,441,1935,0.0,0,0.6,0.0,0,0,0,1,0,0,0,0,1,0,0,0,1,1,1
10427,2318,2234,446,439,1936,0.0,0,0.8,0.0,0,0,0,1,0,0,0,0,1,0,0,0,1,1,1
10438,2318,2236,446,441,1935,0.0,0,0.8,0.0,0,0,0,1,0,0,0,0,1,0,0,0,1,1,1
10448,2319,2234,448,440,1935,0.0,0,0.8,0.0,0,0,0,1,0,0,0,0,1,0,0,0,1,1,1
10458,2318,2234,446,441,1936,0.0,0,0.8,0.0,0,0,0,1,0,0,0,0,1,0,0,0,1,1,1
10468,2318,2234,447,441,1936,0.0,0,0.8,0.0,0,0,0,1,0,0,0,0,1,0,0,0,1,1,1
10478,2318,2234,446,440,1938,0.0,0,0.8,0.0,0,0,0,1,0,0,0,0,1,0,0,0,1,1,1
10488,2318,2234,447,439,1935,0.0,0,0.8,0.0,0,0,0,1,0,0,0,0,1,0,0,0,1,1,1
10498,2318,2235,447,439,1935,0.0,0,0.8,0.0,0,0,0,1,0,0,0,0,1,0,0,0,1,1,1
10508,2318,2234,446,440,1935,0.0,0,0.6,0.0,0,0,0,1,0,0,0,0,1,0,0,0,1,1,1
10518,2318,2234,446,440,1936,0.0,0,0.8,0.0,0,0,0,1,0,0,0,0,1,0,0,0,1,1,1
10528,2318,2234,446,440,1935,0.0,0,0.8,0.0,0,0,0,1,0,0,0,0,1,0,0,0,1,1,1
