t_ms,accel_x_g,accel_y_g,accel_z_g,gyro_x_dps,gyro_y_dps,gyro_z_dps,imu_temp_c
2326,0.0741,-0.2766,0.8573,-5.71,7.6,-0.03,19.46
2337,0.073,-0.2748,0.856,-5.86,7.68,0.0,19.48
2347,0.0724,-0.2743,0.8575,-5.85,7.86,0.09,19.49
2357,0.0714,-0.2732,0.8549,-6.0,7.71,-0.05,19.46
2367,0.073,-0.2723,0.8589,-5.97,7.69,0.0,19.48
2377,0.074,-0.2751,0.8566,-5.88,7.65,-0.12,19.48
2387,0.0728,-0.2712,0.859,-5.86,7.59,-0.08,19.47
2397,0.0762,-0.2671,0.8567,-5.89,7.56,-0.03,19.51
2407,0.0707,-0.2733,0.8597,-6.17,7.71,-0.03,19.48
2417,0.071,-0.2772,0.8535,-6.05,7.74,-0.06,19.47
2427,0.073,-0.2738,0.8561,-5.94,7.73,0.02,19.5
2437,0.072,-0.2755,0.8552,-5.91,7.62,-0.02,19.47
2447,0.0728,-0.2781,0.8562,-5.88,7.6,-0.03,19.46
2457,0.0743,-0.2781,0.8611,-5.97,7.65,0.03,19.49
2467,0.0739,-0.2799,0.8583,-6.03,7.74,0.0,19.48
2477,0.0723,-0.2783,0.8552,-6.05,7.71,-0.11,19.48
2487,0.0735,-0.2803,0.8556,-5.97,7.74,0.0,19.48
2497,0.0736,-0.2815,0.8563,-5.89,7.63,-0.02,19.47
2507,0.0735,-0.2795,0.8607,-5.77,7.56,-0.05,19.47
2517,0.0735,-0.2765,0.858,-5.85,7.65,0.0,19.49
2527,0.0739,-0.2773,0.8552,-5.92,7.68,-0.12,19.5
2537,0.0743,-0.2822,0.8569,-5.91,7.79,0.0,19.5
2547,0.0736,-0.2787,0.861,-5.91,7.62,-0.09,19.49
2557,0.0696,-0.2782,0.8569,-5.82,7.57,0.02,19.48
2567,0.0748,-0.2756,0.8534,-5.97,7.54,-0.11,19.48
2577,0.0728,-0.2743,0.8567,-5.95,7.54,-0.09,19.47
2587,0.0747,-0.2773,0.8536,-5.95,7.73,-0.05,19.45
2597,0.0736,-0.2765,0.8574,-5.95,7.68,0.0,19.48
2607,0.0752,-0.2728,0.8571,-5.92,7.66,0.0,19.47
2617,0.0759,-0.2737,0.859,-5.82,7.66,0.03,19.5
2627,0.074,-0.2745,0.8604,-5.79,7.69,0.08,19.5
2637,0.0692,-0.2729,0.8619,-5.92,7.62,-0.09,19.47
2647,0.0745,-0.274,0.8584,-6.08,7.71,-0.02,19.5
2657,0.0713,-0.2729,0.8595,-6.06,7.68,-0.03,19.49
2667,0.0732,-0.276,0.861,-6.02,7.6,0.02,19.49
2677,0.0732,-0.2747,0.8545,-5.94,7.59,0.03,19.51
2687,0.0754,-0.2723,0.8551,-5.97,7.73,-0.06,19.51
2697,0.0706,-0.276,0.8577,-5.95,7.69,-0.05,19.49
2707,0.073,-0.277,0.8523,-5.97,7.77,-0.08,19.5
2717,0.0699,-0.2793,0.8622,-5.97,7.71,-0.08,19.51
2727,0.0719,-0.276,0.8605,-5.98,7.66,0.06,19.51
2737,0.0714,-0.28,0.8596,-5.97,7.56,0.05,19.49
2747,0.0732,-0.2776,0.8534,-5.92,7.65,0.03,19.54
2757,0.0756,-0.2786,0.8575,-5.95,7.69,-0.09,19.52
2767,0.0739,-0.2772,0.8612,-5.95,7.68,-0.02,19.51
2777,0.0767,-0.2787,0.855,-5.83,7.68,0.0,19.54
2787,0.0735,-0.2804,0.8594,-5.91,7.71,-0.02,19.53
2797,0.0743,-0.2773,0.8553,-5.92,7.66,-0.03,19.53
2807,0.074,-0.2753,0.858,-5.89,7.63,-0.06,19.5
2817,0.0752,-0.2733,0.863,-6.0,7.66,-0.12,19.53
2827,0.0754,-0.2749,0.8639,-5.97,7.6,-0.02,19.53
2837,0.0718,-0.2742,0.8557,-5.95,7.65,-0.14,19.51
2847,0.0734,-0.2736,0.8582,-5.95,7.65,-0.06,19.52
2857,0.074,-0.2731,0.8558,-5.82,7.73,0.03,19.51
2867,0.0712,-0.2725,0.8575,-5.94,7.71,0.08,19.5
2877,0.0743,-0.2747,0.8624,-5.95,7.74,-0.06,19.52
2887,0.0725,-0.2762,0.8577,-6.06,7.69,-0.06,19.54
2897,0.0741,-0.2787,0.8593,-6.02,7.63,-0.08,19.53
2907,0.0759,-0.2764,0.8521,-5.92,7.68,-0.02,19.54
2917,0.0719,-0.272,0.8523,-5.98,7.57,-0.05,19.53
2927,0.0723,-0.2767,0.8539,-5.97,7.6,-0.11,19.54
2937,0.0731,-0.2775,0.8567,-6.05,7.66,0.0,19.53
2947,0.0753,-0.2734,0.8577,-5.89,7.73,-0.03,19.51
2957,0.075,-0.2734,0.8601,-5.8,7.62,0.0,19.53
2967,0.0734,-0.2739,0.8591,-5.91,7.57,-0.02,19.53
2977,0.0735,-0.2755,0.8579,-5.95,7.6,0.06,19.54
2987,0.076,-0.2762,0.8549,-6.09,7.6,-0.08,19.52
2997,0.0742,-0.275,0.8555,-6.05,7.65,-0.11,19.56
3007,0.0723,-0.2745,0.8571,-5.98,7.69,-0.05,19.53
3017,0.0724,-0.2756,0.8579,-5.92,7.63,0.0,19.53
3027,0.075,-0.2742,0.8593,-5.85,7.68,-0.02,19.52
3037,0.0751,-0.2759,0.8591,-5.85,7.62,-0.03,19.52
3047,0.0736,-0.2777,0.8555,-5.85,7.68,0.02,19.52
3057,0.0732,-0.2771,0.8564,-5.91,7.66,-0.03,19.54
3067,0.0721,-0.2776,0.8599,-5.97,7.65,-0.06,19.55
3078,0.0754,-0.2747,0.8573,-5.92,7.54,-0.03,19.54
3088,0.0704,-0.2748,0.8519,-6.02,7.53,-0.09,19.55
3098,0.0756,-0.276,0.8544,-5.98,7.59,-0.02,19.52
3109,0.0767,-0.2794,0.8551,-5.95,7.63,0.0,19.52
3119,0.0737,-0.2767,0.8569,-5.92,7.74,-0.08,19.53
3129,0.0714,-0.2765,0.8547,-5.83,7.82,-0.11,19.53
3139,0.0753,-0.2772,0.8558,-6.08,7.76,-0.09,19.54
3149,0.0717,-0.2798,0.8586,-5.94,7.74,-0.06,19.53
3159,0.0736,-0.2786,0.8583,-5.91,7.57,-0.03,19.52
3169,0.0728,-0.2789,0.8553,-5.95,7.54,-0.03,19.54
3179,0.076,-0.2754,0.8541,-5.94,7.62,-0.03,19.52
3189,0.0741,-0.2806,0.8558,-5.91,7.74,0.08,19.54
3199,0.0724,-0.2767,0.8588,-5.91,7.73,0.06,19.56
3209,0.0739,-0.277,0.8579,-5.94,7.71,0.02,19.54
3219,0.0715,-0.2772,0.855,-5.91,7.76,0.02,19.56
3229,0.0752,-0.2732,0.8599,-5.86,7.71,0.02,19.55
3239,0.0739,-0.2759,0.8586,-5.86,7.65,-0.06,19.53
3249,0.0728,-0.2747,0.8595,-5.98,7.69,0.0,19.53
3259,0.0736,-0.2745,0.8585,-5.94,7.6,-0.03,19.55
3269,0.0748,-0.2748,0.8557,-6.03,7.6,-0.05,19.54
3279,0.0725,-0.2745,0.8569,-6.0,7.62,0.06,19.53
3289,0.074,-0.2743,0.8596,-5.91,7.73,0.03,19.54
3299,0.0745,-0.2734,0.86,-5.92,7.76,0.0,19.57
3309,0.0737,-0.2725,0.8604,-6.02,7.66,0.05,19.55
3319,0.0735,-0.2723,0.8597,-5.92,7.66,0.08,19.55
3329,0.0723,-0.2716,0.8583,-5.98,7.66,-0.08,19.57
3339,0.074,-0.2759,0.8594,-5.88,7.63,-0.03,19.58
3349,0.0752,-0.2725,0.86,-5.98,7.56,-0.05,19.56
3359,0.0728,-0.2747,0.8549,-5.89,7.63,-0.03,19.56
3369,0.072,-0.2767,0.8536,-5.97,7.68,-0.02,19.56
3379,0.0741,-0.2789,0.8572,-5.86,7.73,-0.03,19.57
3389,0.0758,-0.276,0.8579,-5.97,7.73,-0.06,19.53
3399,0.0757,-0.2781,0.858,-6.0,7.83,-0.05,19.56
3409,0.0741,-0.2808,0.8524,-5.91,7.71,0.03,19.57
3419,0.0734,-0.2797,0.8552,-5.86,7.59,0.02,19.56
3429,0.0741,-0.2758,0.8567,-5.92,7.71,-0.05,19.57
3439,0.0739,-0.277,0.8556,-5.94,7.65,-0.02,19.57
3449,0.0725,-0.275,0.8568,-5.74,7.6,0.08,19.56
3459,0.0737,-0.2748,0.8593,-5.86,7.6,0.02,19.57
3469,0.0736,-0.2755,0.859,-5.89,7.66,0.06,19.56
3479,0.0752,-0.2753,0.8602,-5.82,7.6,-0.05,19.55
3489,0.074,-0.2736,0.859,-5.94,7.57,-0.02,19.56
3499,0.0695,-0.2762,0.859,-5.94,7.68,-0.02,19.58
3509,0.0734,-0.2749,0.8594,-5.95,7.59,0.0,19.57
3519,0.0728,-0.277,0.8564,-5.97,7.65,0.0,19.58
3529,0.072,-0.2776,0.8572,-5.89,7.66,0.03,19.57
3539,0.0748,-0.2739,0.8564,-5.89,7.69,0.0,19.57
3549,0.0743,-0.2767,0.8551,-5.97,7.66,-0.08,19.56
3559,0.073,-0.2754,0.8582,-5.94,7.69,-0.06,19.57
3569,0.0723,-0.2748,0.8564,-5.91,7.66,-0.03,19.58
3579,0.0709,-0.2764,0.8575,-5.92,7.74,-0.05,19.57
3589,0.0732,-0.2754,0.8547,-5.85,7.66,-0.08,19.58
3599,0.0723,-0.276,0.8577,-6.0,7.74,-0.09,19.56
3609,0.0742,-0.2742,0.8593,-5.91,7.66,-0.03,19.57
3619,0.0759,-0.2756,0.8568,-5.91,7.62,0.03,19.58
3629,0.0748,-0.2777,0.8594,-5.92,7.63,-0.06,19.58
3639,0.0712,-0.2775,0.8569,-6.02,7.66,-0.06,19.58
3649,0.0717,-0.2784,0.8536,-5.88,7.79,-0.03,19.57
3659,0.0726,-0.2777,0.8538,-5.97,7.77,-0.08,19.6
3669,0.0707,-0.2782,0.8562,-5.94,7.73,-0.18,19.57
3679,0.0746,-0.2773,0.855,-5.88,7.65,-0.03,19.57
3689,0.0725,-0.2723,0.8561,-5.95,7.62,-0.08,19.57
3699,0.0735,-0.2743,0.8594,-5.98,7.65,-0.08,19.6
3709,0.0758,-0.2756,0.8575,-5.98,7.73,-0.03,19.58
3719,0.0742,-0.2767,0.8583,-6.06,7.71,0.02,19.58
3729,0.0739,-0.2738,0.8575,-5.89,7.65,-0.09,19.57
3739,0.0721,-0.2739,0.8549,-5.91,7.71,-0.03,19.58
3749,0.0702,-0.275,0.8607,-6.02,7.66,-0.05,19.61
3759,0.0735,-0.2734,0.8615,-5.82,7.63,-0.05,19.57
3769,0.0734,-0.2747,0.8627,-5.91,7.63,-0.09,19.57
3779,0.072,-0.2777,0.8606,-5.98,7.66,-0.08,19.56
3789,0.0732,-0.2761,0.8552,-6.08,7.73,0.03,19.57
3799,0.0747,-0.2776,0.8573,-5.98,7.66,-0.05,19.58
3809,0.073,-0.2812,0.8558,-5.83,7.56,-0.02,19.57
3819,0.0757,-0.2754,0.8531,-5.89,7.57,0.03,19.58
3829,0.0746,-0.2764,0.8541,-5.88,7.65,0.02,19.57
3839,0.0754,-0.2756,0.8573,-5.86,7.73,-0.03,19.58
3849,0.0736,-0.2761,0.8575,-5.92,7.68,0.0,19.59
3859,0.0743,-0.278,0.8589,-5.91,7.59,-0.03,19.61
3869,0.0735,-0.276,0.8575,-5.86,7.6,-0.02,19.61
3879,0.0717,-0.2738,0.8562,-5.92,7.68,-0.11,19.61
3889,0.074,-0.2747,0.8599,-6.03,7.74,-0.08,19.59
3899,0.0731,-0.2748,0.8556,-6.02,7.69,-0.03,19.58
3909,0.0736,-0.2723,0.8582,-6.0,7.74,0.08,19.59
3919,0.075,-0.2784,0.8566,-5.92,7.68,-0.02,19.6
3929,0.0724,-0.2782,0.8557,-5.88,7.68,0.0,19.61
3939,0.0708,-0.2782,0.8582,-5.92,7.69,-0.03,19.57
3949,0.0745,-0.2775,0.8546,-5.89,7.71,-0.09,19.58
3959,0.073,-0.2767,0.8586,-5.89,7.68,-0.06,19.61
3969,0.074,-0.2733,0.8551,-5.95,7.66,0.0,19.58
3979,0.0735,-0.2747,0.8593,-6.08,7.63,0.02,19.59
3989,0.0739,-0.2737,0.8564,-5.83,7.65,0.0,19.61
3999,0.0736,-0.2749,0.8596,-5.86,7.63,-0.02,19.61
4009,0.0723,-0.2767,0.8588,-5.83,7.66,-0.05,19.59
4019,0.074,-0.2798,0.856,-5.95,7.73,-0.09,19.6
4029,0.0717,-0.2743,0.8556,-5.98,7.73,-0.02,19.61
4039,0.0735,-0.2761,0.8561,-5.95,7.74,-0.02,19.62
4049,0.0714,-0.274,0.8551,-5.98,7.63,0.02,19.59
4059,0.0728,-0.2778,0.8562,-5.89,7.73,-0.06,19.6
4069,0.0743,-0.2765,0.8549,-5.94,7.66,-0.03,19.61
4079,0.0715,-0.2788,0.8555,-5.86,7.62,-0.05,19.57
4089,0.0725,-0.2755,0.8546,-5.89,7.69,-0.08,19.58
4099,0.0725,-0.276,0.8552,-5.95,7.65,-0.05,19.6
4109,0.0712,-0.2767,0.8572,-5.95,7.62,-0.03,19.57
4119,0.0729,-0.276,0.8593,-5.88,7.6,-0.05,19.6
4129,0.0752,-0.2758,0.8567,-5.95,7.71,-0.05,19.62
4139,0.0742,-0.2729,0.8586,-6.05,7.68,-0.02,19.61
4149,0.0732,-0.2755,0.8599,-5.95,7.73,-0.08,19.6
4159,0.0724,-0.2756,0.8549,-5.95,7.71,-0.02,19.6
4169,0.0746,-0.2742,0.8542,-5.97,7.62,-0.03,19.6
4179,0.072,-0.2773,0.8616,-5.88,7.63,0.02,19.59
4189,0.0739,-0.2755,0.8588,-5.92,7.73,-0.08,19.62
4199,0.0709,-0.278,0.8574,-5.98,7.8,0.0,19.6
4209,0.0735,-0.2787,0.8555,-5.92,7.73,-0.05,19.61
4219,0.0721,-0.2772,0.8555,-6.0,7.62,-0.02,19.61
4229,0.0719,-0.2777,0.8568,-5.91,7.56,0.0,19.62
4239,0.0736,-0.2732,0.8588,-5.94,7.59,0.02,19.63
4249,0.0746,-0.2753,0.8552,-5.94,7.57,0.06,19.61
4259,0.075,-0.2764,0.8585,-6.02,7.76,0.0,19.61
4269,0.0731,-0.2753,0.8623,-6.03,7.76,0.11,19.61
4279,0.0745,-0.2739,0.8599,-5.92,7.66,-0.03,19.6
4289,0.0726,-0.278,0.8563,-5.91,7.56,-0.06,19.6
4299,0.0742,-0.2764,0.8585,-5.79,7.5,-0.06,19.62
4309,0.0745,-0.2778,0.8596,-5.95,7.65,-0.03,19.63
4319,0.0752,-0.2754,0.8562,-6.12,7.74,0.03,19.63
4329,0.072,-0.2773,0.8544,-6.03,7.71,-0.08,19.62
4339,0.0721,-0.2761,0.8575,-6.05,7.69,-0.05,19.62
4349,0.0731,-0.2803,0.8591,-5.85,7.63,-0.09,19.6
4359,0.0719,-0.2747,0.8584,-5.8,7.56,0.0,19.6
4369,0.073,-0.275,0.8601,-5.83,7.63,-0.02,19.6
4379,0.0742,-0.2762,0.8542,-5.95,7.79,-0.06,19.59
4389,0.0732,-0.2742,0.8593,-6.0,7.86,-0.02,19.61
4399,0.0731,-0.2758,0.8605,-5.98,7.65,-0.05,19.64
4409,0.074,-0.2755,0.8575,-5.95,7.45,-0.03,19.61
4419,0.0764,-0.2749,0.8547,-5.88,7.62,0.03,19.62
4429,0.0731,-0.2753,0.8607,-5.94,7.54,-0.08,19.6
4439,0.0754,-0.2737,0.8546,-5.97,7.63,-0.03,19.63
4449,0.0715,-0.2765,0.8563,-5.98,7.73,0.05,19.6
4459,0.0732,-0.2729,0.8595,-5.98,7.73,-0.09,19.61
4469,0.0693,-0.2781,0.8549,-5.92,7.66,0.0,19.62
4479,0.0729,-0.2783,0.8545,-5.83,7.6,0.09,19.62
4489,0.069,-0.2753,0.8546,-5.89,7.62,0.02,19.64
4499,0.0742,-0.2744,0.8551,-6.02,7.71,0.05,19.62
4509,0.0721,-0.276,0.8574,-6.05,7.62,-0.08,19.64
4519,0.0704,-0.2792,0.8595,-5.97,7.69,0.08,19.62
4529,0.073,-0.2761,0.8556,-5.82,7.53,0.06,19.63
4539,0.0747,-0.2765,0.8545,-5.92,7.66,0.02,19.65
4551,0.0763,-0.2759,0.8562,-5.88,7.8,-0.11,19.62
4561,0.08,-0.2747,0.8511,-5.89,7.63,-0.06,19.64
4571,0.0743,-0.2756,0.8593,-5.92,7.86,0.0,19.62
4581,0.0706,-0.2777,0.8584,-5.91,7.8,0.0,19.61
4591,0.0718,-0.2744,0.8624,-5.91,7.59,0.11,19.61
4601,0.0739,-0.2764,0.8561,-5.95,7.57,-0.02,19.62
4611,0.0764,-0.2772,0.8552,-5.86,7.51,-0.08,19.63
4621,0.0729,-0.2755,0.8529,-5.91,7.63,-0.06,19.61
4631,0.073,-0.2775,0.854,-5.95,7.69,-0.03,19.62
4641,0.0717,-0.275,0.8582,-5.86,7.69,0.08,19.63
4651,0.0726,-0.2737,0.8577,-5.83,7.68,0.05,19.6
4661,0.0728,-0.2742,0.8607,-5.92,7.76,-0.02,19.64
4671,0.0718,-0.275,0.858,-5.95,7.69,0.0,19.62
4681,0.0723,-0.2764,0.8594,-6.03,7.66,-0.06,19.64
4691,0.0717,-0.2771,0.8579,-5.95,7.65,-0.08,19.64
4701,0.0757,-0.2751,0.8608,-5.94,7.59,0.0,19.65
4711,0.0743,-0.2754,0.8542,-5.92,7.57,-0.06,19.62
4721,0.0726,-0.2732,0.8574,-5.85,7.65,-0.06,19.61
4731,0.0753,-0.2748,0.8608,-5.85,7.66,0.02,19.62
4741,0.0701,-0.2766,0.8585,-5.92,7.71,0.02,19.63
4751,0.0734,-0.2765,0.863,-6.05,7.66,-0.02,19.61
4761,0.0726,-0.275,0.8562,-5.89,7.57,0.11,19.64
4771,0.0732,-0.2755,0.86,-5.89,7.51,-0.08,19.64
4781,0.0739,-0.2755,0.8575,-5.89,7.57,-0.05,19.62
4791,0.0754,-0.278,0.8595,-5.94,7.63,-0.05,19.63
4801,0.0762,-0.277,0.8551,-6.09,7.71,-0.08,19.66
4811,0.0752,-0.2761,0.8582,-5.97,7.86,-0.09,19.64
4821,0.0729,-0.278,0.8536,-5.89,7.74,-0.03,19.64
4831,0.0745,-0.2782,0.8552,-5.92,7.57,-0.06,19.63
4841,0.0746,-0.2777,0.8584,-5.88,7.66,-0.12,19.64
4851,0.0752,-0.2767,0.8573,-5.95,7.62,-0.02,19.66
4861,0.0731,-0.2762,0.8584,-6.02,7.54,-0.09,19.64
4871,0.0747,-0.2784,0.8562,-6.06,7.76,-0.06,19.64
4881,0.0753,-0.2747,0.8546,-5.98,7.68,-0.09,19.63
4891,0.0752,-0.2754,0.8593,-5.91,7.66,-0.02,19.64
4901,0.0724,-0.2753,0.8571,-5.89,7.68,-0.03,19.65
4911,0.0724,-0.2747,0.8591,-5.85,7.82,0.05,19.65
4921,0.0687,-0.2761,0.8591,-5.94,7.82,-0.02,19.64
4931,0.0732,-0.2772,0.858,-6.0,7.74,-0.02,19.66
4941,0.0741,-0.2756,0.8577,-5.92,7.6,-0.12,19.64
4951,0.0714,-0.2753,0.8591,-6.02,7.54,-0.06,19.64
4961,0.0753,-0.2749,0.8563,-5.95,7.48,0.03,19.67
4971,0.0758,-0.2764,0.8531,-5.92,7.62,-0.03,19.65
4981,0.0719,-0.2773,0.858,-5.89,7.76,0.0,19.64
4991,0.0721,-0.2764,0.8579,-5.94,7.69,0.0,19.66
5001,0.0774,-0.2749,0.8569,-5.89,7.74,-0.05,19.63
5011,0.0709,-0.2771,0.8595,-5.91,7.63,-0.06,19.65
5021,0.0724,-0.2772,0.8577,-5.91,7.66,-0.11,19.64
5031,0.0734,-0.2764,0.8586,-6.02,7.57,-0.05,19.64
5041,0.0741,-0.2778,0.8588,-6.05,7.59,-0.09,19.66
5051,0.0723,-0.276,0.8557,-6.03,7.59,-0.06,19.64
5061,0.0754,-0.2756,0.8574,-5.97,7.56,-0.08,19.62
5071,0.0745,-0.2755,0.8549,-5.89,7.69,-0.03,19.67
5081,0.0769,-0.2775,0.8519,-5.83,7.82,0.03,19.67
5091,0.0734,-0.2758,0.8575,-5.94,7.85,0.09,19.69
5101,0.074,-0.2758,0.8574,-6.03,7.74,-0.09,19.64
5111,0.0748,-0.2745,0.8591,-5.89,7.73,0.0,19.66
5121,0.0729,-0.2761,0.8539,-5.97,7.51,-0.02,19.64
5131,0.0771,-0.2732,0.8574,-6.06,7.51,-0.02,19.67
5141,0.0714,-0.2744,0.8563,-5.95,7.59,-0.05,19.66
5151,0.074,-0.2733,0.8586,-5.97,7.47,-0.03,19.67
5161,0.078,-0.2733,0.8535,-5.89,7.66,0.02,19.66
5171,0.0751,-0.2758,0.8605,-5.83,7.86,0.06,19.66
5181,0.072,-0.276,0.8563,-5.95,7.82,0.05,19.67
5191,0.0713,-0.2761,0.8602,-6.03,7.65,-0.03,19.67
5201,0.0739,-0.2762,0.8612,-5.85,7.65,-0.08,19.65
5211,0.0741,-0.276,0.8534,-5.97,7.62,-0.08,19.67
5221,0.075,-0.2769,0.8577,-6.0,7.53,-0.12,19.65
5231,0.0741,-0.2766,0.8555,-6.02,7.65,-0.02,19.68
5241,0.0745,-0.2805,0.8531,-6.06,7.77,-0.03,19.68
5251,0.0725,-0.2786,0.8534,-5.94,7.76,-0.03,19.69
5261,0.0758,-0.2794,0.8539,-5.76,7.66,-0.02,19.67
5271,0.0731,-0.275,0.858,-5.74,7.62,-0.03,19.68
5281,0.0717,-0.2756,0.8588,-5.91,7.71,-0.06,19.66
5291,0.0709,-0.2744,0.8591,-6.08,7.68,-0.03,19.67
5301,0.0751,-0.274,0.8535,-6.05,7.74,-0.06,19.64
5311,0.0706,-0.2786,0.855,-5.95,7.62,0.0,19.67
5322,0.0721,-0.2762,0.8553,-5.79,7.48,0.0,19.69
5332,0.0735,-0.2759,0.8568,-5.77,7.63,-0.03,19.66
5342,0.0774,-0.2744,0.8573,-5.85,7.79,-0.06,19.66
5352,0.0698,-0.2764,0.8564,-5.88,7.85,0.0,19.66
5362,0.0737,-0.2737,0.8596,-6.09,7.8,-0.12,19.66
5372,0.0704,-0.2765,0.859,-6.0,7.71,0.0,19.67
5382,0.0692,-0.2721,0.8573,-5.85,7.51,-0.06,19.68
5392,0.077,-0.2694,0.8571,-5.97,7.51,0.02,19.67
5402,0.0725,-0.2722,0.8593,-5.88,7.57,-0.03,19.65
5412,0.0754,-0.2737,0.8538,-6.03,7.73,-0.05,19.68
5422,0.0745,-0.2736,0.8563,-6.12,7.79,0.08,19.68
5432,0.0742,-0.2786,0.859,-5.95,7.85,-0.03,19.68
5442,0.0723,-0.2766,0.8595,-5.88,7.76,0.03,19.67
5452,0.0713,-0.2758,0.8545,-5.86,7.56,-0.09,19.68
5462,0.0757,-0.2767,0.8571,-5.83,7.56,-0.08,19.68
5472,0.076,-0.2753,0.8578,-5.95,7.82,-0.06,19.69
5482,0.0701,-0.2788,0.8522,-6.26,7.85,-0.02,19.69
5492,0.0668,-0.2793,0.8572,-6.05,7.68,-0.08,19.68
5502,0.075,-0.2821,0.8524,-5.94,7.71,-0.06,19.67
5512,0.0725,-0.2782,0.8583,-5.71,7.69,0.02,19.67
5522,0.0739,-0.2754,0.856,-5.92,7.57,-0.05,19.68
5532,0.0764,-0.2755,0.8567,-5.97,7.51,-0.08,19.68
5542,0.0736,-0.2765,0.8555,-6.02,7.73,-0.05,19.66
5552,0.0718,-0.2765,0.8558,-6.09,7.76,0.06,19.68
5562,0.0695,-0.2776,0.8573,-5.86,7.71,-0.05,19.66
5572,0.0699,-0.2738,0.8573,-5.79,7.53,-0.03,19.68
5582,0.074,-0.2754,0.8593,-5.74,7.5,0.05,19.68
5593,0.0734,-0.2728,0.8583,-5.8,7.65,-0.03,19.7
5603,0.0747,-0.274,0.8586,-6.05,7.76,0.0,19.68
5613,0.0747,-0.2759,0.8505,-6.12,7.59,-0.09,19.68
5623,0.0739,-0.2762,0.8545,-6.18,7.65,-0.11,19.65
5633,0.073,-0.2765,0.8557,-6.05,7.65,-0.12,19.69
5643,0.0737,-0.275,0.8535,-5.97,7.65,-0.02,19.67
5653,0.0753,-0.2758,0.8508,-5.86,7.65,0.0,19.69
5663,0.0721,-0.2787,0.8549,-5.94,7.62,0.03,19.7
5673,0.0706,-0.2761,0.8619,-6.03,7.85,-0.06,19.68
5683,0.0714,-0.2783,0.8564,-6.02,7.68,0.0,19.66
5693,0.0743,-0.2777,0.8569,-5.94,7.54,0.06,19.68
5703,0.0751,-0.2787,0.8572,-5.98,7.47,-0.02,19.69
5713,0.0778,-0.2761,0.8584,-5.94,7.62,0.0,19.69
5723,0.0735,-0.2748,0.8578,-6.02,7.65,-0.02,19.67
5733,0.0728,-0.2738,0.8535,-5.97,7.85,0.0,19.69
5743,0.0709,-0.2754,0.8575,-5.92,7.82,-0.05,19.69
5753,0.076,-0.278,0.856,-5.83,7.6,-0.02,19.69
5763,0.071,-0.2789,0.8619,-5.91,7.65,-0.03,19.67
5773,0.0756,-0.2745,0.8582,-5.98,7.63,-0.03,19.67
5783,0.0719,-0.2754,0.858,-6.05,7.6,-0.12,19.67
5793,0.0747,-0.2775,0.8579,-6.15,7.59,-0.15,19.68
5803,0.076,-0.2773,0.8572,-6.03,7.79,0.03,19.7
5813,0.072,-0.2783,0.8557,-5.85,7.74,0.0,19.7
5823,0.0737,-0.2766,0.8531,-5.8,7.65,0.12,19.69
5833,0.0732,-0.277,0.8575,-5.85,7.63,0.05,19.69
5843,0.0735,-0.2722,0.8558,-5.8,7.71,0.02,19.71
5853,0.0743,-0.2704,0.8588,-5.95,7.77,0.02,19.71
5863,0.075,-0.2711,0.8552,-6.05,7.68,-0.03,19.68
5873,0.073,-0.2716,0.8584,-5.98,7.53,-0.06,19.7
5883,0.0706,-0.2722,0.8539,-6.06,7.48,-0.05,19.69
5893,0.0728,-0.2759,0.8582,-5.97,7.57,-0.06,19.68
5903,0.0756,-0.2748,0.8595,-5.97,7.68,-0.09,19.67
5913,0.0747,-0.2717,0.8568,-6.06,7.83,0.0,19.67
5923,0.0762,-0.2773,0.8563,-5.91,7.83,-0.05,19.69
5933,0.0729,-0.2795,0.858,-5.92,7.77,0.0,19.69
5943,0.0735,-0.2778,0.8541,-5.86,7.63,0.02,19.68
5953,0.072,-0.2783,0.8574,-5.91,7.56,-0.05,19.69
5963,0.074,-0.2786,0.8573,-5.98,7.59,-0.09,19.7
5973,0.0735,-0.282,0.8519,-6.02,7.6,-0.12,19.71
5983,0.0765,-0.2793,0.8561,-6.03,7.71,-0.02,19.69
5993,0.0725,-0.2773,0.8542,-5.94,7.76,0.06,19.69
6003,0.0697,-0.2748,0.8547,-5.77,7.76,0.0,19.69
6013,0.0724,-0.277,0.8563,-5.88,7.69,0.0,19.69
6023,0.073,-0.2772,0.858,-5.91,7.68,-0.06,19.7
6033,0.0717,-0.2806,0.8622,-6.06,7.63,-0.03,19.71
6043,0.0753,-0.2761,0.86,-6.05,7.54,-0.05,19.71
6053,0.0752,-0.2765,0.8572,-5.98,7.48,-0.09,19.68
6063,0.0728,-0.2751,0.858,-6.05,7.59,-0.05,19.69
6073,0.0771,-0.2705,0.8544,-6.03,7.65,0.02,19.7
6083,0.0737,-0.274,0.8599,-5.89,7.77,0.06,19.69
6093,0.0742,-0.2739,0.8579,-5.88,7.79,0.09,19.7
6103,0.0732,-0.2727,0.8578,-5.86,7.8,0.03,19.69
6113,0.0713,-0.2728,0.8618,-5.92,7.73,0.0,19.7
6123,0.0736,-0.2699,0.8602,-5.98,7.65,-0.05,19.72
6133,0.0734,-0.2737,0.8589,-6.15,7.56,-0.12,19.7
6143,0.074,-0.2748,0.8564,-6.18,7.51,-0.17,19.7
6153,0.0754,-0.276,0.8536,-6.14,7.6,-0.06,19.68
6163,0.076,-0.2759,0.8527,-5.92,7.71,0.03,19.71
6173,0.0703,-0.2793,0.8535,-5.79,7.82,0.03,19.7
6183,0.0718,-0.2803,0.8563,-5.83,7.74,-0.05,19.69
6193,0.0746,-0.2775,0.86,-5.85,7.8,-0.03,19.72
6203,0.0723,-0.278,0.8586,-5.91,7.76,-0.03,19.72
6213,0.0732,-0.2802,0.8585,-6.09,7.63,-0.06,19.72
6223,0.0754,-0.2797,0.8562,-5.98,7.45,-0.05,19.7
6233,0.0742,-0.2786,0.8557,-5.94,7.57,0.02,19.73
6243,0.0757,-0.2805,0.8557,-6.02,7.66,0.06,19.71
6253,0.0737,-0.2755,0.8577,-5.94,7.65,-0.03,19.7
6263,0.0729,-0.2781,0.8564,-5.83,7.8,0.02,19.69
6273,0.073,-0.2736,0.8572,-5.86,7.88,0.03,19.7
6283,0.0719,-0.2716,0.8578,-5.85,7.8,0.06,19.71
6293,0.0726,-0.2749,0.8624,-5.85,7.69,-0.06,19.7
6303,0.0742,-0.2731,0.8599,-5.94,7.56,-0.15,19.72
6313,0.0741,-0.2721,0.86,-6.06,7.63,-0.05,19.7
6323,0.0746,-0.2749,0.8595,-6.15,7.63,-0.09,19.69
6333,0.0709,-0.2734,0.8555,-6.05,7.56,-0.12,19.69
6343,0.0746,-0.2761,0.8531,-5.94,7.68,-0.08,19.71
6353,0.075,-0.2758,0.8561,-5.88,7.83,0.0,19.71
6363,0.0718,-0.2754,0.8571,-5.92,7.91,0.06,19.69
6373,0.0735,-0.2751,0.8533,-5.89,7.77,0.02,19.72
6383,0.0708,-0.2792,0.8591,-5.98,7.68,0.08,19.69
6393,0.077,-0.2784,0.8575,-5.97,7.56,-0.02,19.71
6403,0.0732,-0.2756,0.8552,-6.06,7.51,-0.06,19.71
6413,0.0735,-0.2762,0.8542,-5.98,7.48,-0.08,19.72
6423,0.0726,-0.2764,0.8569,-6.0,7.62,-0.05,19.71
6433,0.0754,-0.2758,0.8569,-6.0,7.82,-0.08,19.72
6450,0.0699,-0.2776,0.8549,-5.89,7.86,0.06,19.72
6460,0.0728,-0.277,0.8551,-5.94,7.76,0.03,19.71
6470,0.0688,-0.2773,0.8611,-5.94,7.69,0.03,19.7
6480,0.0717,-0.2792,0.8612,-5.92,7.65,-0.09,19.71
6490,0.0726,-0.2776,0.8544,-6.09,7.65,-0.06,19.7
6500,0.0729,-0.2748,0.854,-6.03,7.54,0.0,19.73
6510,0.0754,-0.276,0.8558,-6.06,7.54,-0.08,19.72
6520,0.072,-0.2764,0.8572,-5.98,7.68,0.0,19.72
6530,0.0703,-0.274,0.8578,-5.85,7.83,-0.02,19.72
6541,0.073,-0.2736,0.8567,-5.95,7.86,0.03,19.73
6551,0.0746,-0.2756,0.8579,-6.08,7.83,0.06,19.7
6561,0.0709,-0.2773,0.8613,-6.03,7.69,0.0,19.72
6571,0.0718,-0.2761,0.858,-6.0,7.59,-0.09,19.71
6581,0.0752,-0.2755,0.858,-6.06,7.42,-0.11,19.74
6591,0.0708,-0.2742,0.8552,-6.09,7.63,-0.05,19.7
6601,0.0721,-0.2765,0.8572,-6.09,7.63,-0.05,19.73
6611,0.073,-0.278,0.8563,-5.97,7.73,0.05,19.74
6621,0.0745,-0.275,0.8567,-5.88,7.74,0.05,19.72
6631,0.0726,-0.2762,0.8571,-5.89,7.79,0.05,19.72
6641,0.0741,-0.2788,0.8578,-5.83,7.77,0.08,19.7
6651,0.0741,-0.2744,0.8584,-5.92,7.6,-0.06,19.71
6661,0.0754,-0.2745,0.856,-6.0,7.59,-0.05,19.74
6671,0.0726,-0.2764,0.8577,-5.98,7.62,-0.11,19.7
6681,0.0724,-0.2766,0.8585,-6.14,7.62,-0.11,19.7
6691,0.0735,-0.2766,0.8557,-6.02,7.6,-0.06,19.71
6701,0.0741,-0.2786,0.8586,-5.89,7.73,-0.02,19.72
6711,0.0748,-0.2765,0.8545,-5.86,7.77,-0.02,19.74
6721,0.0726,-0.2761,0.8562,-5.88,7.83,0.09,19.71
6731,0.0726,-0.2764,0.8611,-5.88,7.68,-0.03,19.73
6741,0.0714,-0.2731,0.858,-5.91,7.69,-0.05,19.72
6751,0.0736,-0.2749,0.8623,-5.92,7.51,-0.06,19.73
6761,0.0742,-0.2776,0.8584,-6.09,7.62,-0.03,19.72
6771,0.0717,-0.2737,0.8568,-6.05,7.59,-0.12,19.72
6781,0.072,-0.2773,0.8578,-6.11,7.73,0.02,19.69
6791,0.0729,-0.2781,0.8582,-5.91,7.74,0.05,19.7
6801,0.0736,-0.2773,0.8571,-5.85,7.79,-0.02,19.74
6811,0.0743,-0.2787,0.8594,-5.82,7.69,0.0,19.72
6821,0.0721,-0.2762,0.8562,-5.94,7.68,0.03,19.71
6831,0.071,-0.2795,0.8604,-6.06,7.63,0.0,19.74
6841,0.0724,-0.2808,0.86,-5.88,7.68,-0.06,19.74
6851,0.0731,-0.2771,0.856,-6.02,7.65,-0.06,19.73
6861,0.0709,-0.2747,0.8567,-6.0,7.5,-0.03,19.72
6871,0.0728,-0.2766,0.8574,-5.95,7.63,0.0,19.74
6881,0.0763,-0.2753,0.8563,-5.95,7.71,-0.05,19.74
6891,0.0754,-0.2771,0.8582,-5.91,7.83,-0.02,19.73
6901,0.0718,-0.2754,0.8596,-5.92,7.76,0.05,19.74
6911,0.0736,-0.2775,0.8588,-5.91,7.69,0.06,19.72
6921,0.0731,-0.2804,0.859,-5.89,7.63,-0.09,19.74
6931,0.0743,-0.2778,0.8569,-5.92,7.59,-0.03,19.72
6941,0.0737,-0.2756,0.8586,-5.98,7.6,-0.03,19.75
6951,0.0756,-0.2734,0.8573,-5.97,7.69,-0.11,19.73
6961,0.0763,-0.2761,0.8571,-5.98,7.68,0.0,19.73
6971,0.0732,-0.2772,0.8557,-5.97,7.71,0.0,19.73
6982,0.0745,-0.2773,0.8572,-5.92,7.76,-0.02,19.75
6992,0.0751,-0.2745,0.8545,-5.86,7.71,-0.08,19.72
7002,0.074,-0.2733,0.8613,-5.91,7.71,-0.05,19.74
7012,0.0745,-0.276,0.8611,-5.94,7.69,-0.02,19.75
7022,0.0729,-0.2766,0.8568,-6.0,7.65,-0.09,19.72
7032,0.0737,-0.2764,0.8567,-6.14,7.53,-0.05,19.72
7042,0.073,-0.2804,0.8544,-6.09,7.59,-0.11,19.74
7052,0.0774,-0.2773,0.8597,-6.11,7.77,-0.02,19.74
7062,0.0718,-0.2751,0.8545,-5.92,7.71,0.02,19.75
7072,0.0724,-0.2787,0.858,-5.89,7.65,-0.03,19.75
7082,0.0718,-0.2772,0.858,-5.95,7.76,0.0,19.72
7092,0.0748,-0.2736,0.8601,-5.97,7.76,-0.06,19.73
7102,0.0719,-0.2767,0.8545,-5.85,7.63,-0.03,19.74
7112,0.0723,-0.2762,0.8593,-5.89,7.51,-0.06,19.75
7122,0.0756,-0.2769,0.8584,-5.91,7.59,-0.15,19.73
7132,0.0741,-0.278,0.8575,-5.97,7.71,-0.06,19.75
7142,0.0725,-0.2766,0.8552,-5.95,7.59,-0.15,19.75
7152,0.0732,-0.2764,0.8556,-6.08,7.65,-0.05,19.74
7162,0.0754,-0.2761,0.8591,-5.98,7.83,-0.02,19.74
7172,0.0709,-0.2764,0.8535,-5.83,7.66,-0.02,19.74
7182,0.073,-0.2748,0.8596,-5.86,7.51,-0.06,19.74
7192,0.0757,-0.2709,0.8585,-5.89,7.62,-0.06,19.74
7202,0.0758,-0.2736,0.8568,-6.0,7.56,-0.08,19.74
7212,0.0763,-0.2751,0.8558,-5.97,7.69,-0.02,19.74
7222,0.0728,-0.2739,0.8579,-5.92,7.66,0.03,19.74
7232,0.0757,-0.2721,0.8567,-5.94,7.63,-0.05,19.74
7243,0.0731,-0.2698,0.8584,-5.91,7.66,-0.05,19.74
7253,0.0734,-0.272,0.8577,-5.95,7.6,-0.02,19.73
7263,0.0762,-0.2753,0.8604,-5.91,7.69,-0.02,19.74
7273,0.0748,-0.2764,0.8638,-6.02,7.65,0.0,19.73
7283,0.0729,-0.2789,0.8574,-6.03,7.77,-0.12,19.73
7293,0.0715,-0.2777,0.8575,-6.02,7.66,-0.03,19.75
7303,0.0723,-0.2819,0.8595,-5.94,7.6,0.06,19.73
7313,0.0736,-0.2773,0.8538,-5.88,7.54,-0.03,19.73
7323,0.0731,-0.2782,0.8546,-5.91,7.71,0.0,19.74
7333,0.0746,-0.2786,0.8538,-6.0,7.69,-0.03,19.74
7343,0.0729,-0.2792,0.8577,-5.94,7.69,0.03,19.74
7353,0.073,-0.2798,0.8597,-5.97,7.66,0.02,19.74
7363,0.0748,-0.2744,0.8567,-5.85,7.59,-0.05,19.75
7373,0.0732,-0.2715,0.8577,-5.68,7.53,-0.09,19.73
7383,0.0715,-0.2742,0.8584,-5.86,7.63,-0.09,19.72
7393,0.0736,-0.2733,0.863,-5.97,7.73,0.0,19.75
7403,0.0748,-0.275,0.8577,-6.0,7.73,-0.03,19.74
7413,0.0762,-0.2753,0.8596,-6.02,7.8,0.0,19.77
7423,0.0725,-0.2766,0.8572,-5.94,7.62,-0.09,19.75
7433,0.0739,-0.2758,0.8569,-5.86,7.6,-0.11,19.74
7443,0.0723,-0.276,0.859,-6.0,7.63,-0.12,19.74
7453,0.0737,-0.2771,0.8588,-6.03,7.74,-0.05,19.75
7463,0.0748,-0.2766,0.8583,-6.08,7.73,-0.02,19.76
7473,0.0719,-0.2814,0.8567,-6.12,7.63,-0.06,19.75
7483,0.0729,-0.2782,0.8599,-5.91,7.65,-0.05,19.77
7493,0.0706,-0.2783,0.8544,-5.88,7.6,0.02,19.77
7503,0.0758,-0.2749,0.859,-5.94,7.66,0.0,19.74
7513,0.0768,-0.2771,0.853,-5.89,7.69,0.09,19.75
7523,0.0736,-0.2781,0.8574,-5.94,7.73,0.03,19.74
7533,0.0715,-0.2778,0.8541,-5.95,7.73,-0.03,19.75
7543,0.0714,-0.2805,0.8573,-5.92,7.62,-0.09,19.74
7553,0.0729,-0.276,0.8572,-5.89,7.59,-0.15,19.78
7563,0.0735,-0.2764,0.8564,-6.06,7.69,-0.05,19.75
7573,0.0732,-0.2744,0.8561,-6.02,7.73,-0.08,19.78
7583,0.0742,-0.2764,0.8549,-5.97,7.73,0.02,19.76
7593,0.0726,-0.2743,0.8605,-5.97,7.73,-0.02,19.76
7603,0.074,-0.2769,0.8588,-5.89,7.65,-0.02,19.76
7613,0.0739,-0.2775,0.8577,-5.89,7.65,0.03,19.74
7623,0.0737,-0.2747,0.8589,-6.05,7.76,-0.05,19.74
7633,0.0719,-0.2751,0.8593,-5.94,7.68,-0.06,19.76
7643,0.073,-0.276,0.8607,-5.91,7.77,0.0,19.76
7653,0.0762,-0.2755,0.8562,-5.95,7.69,-0.06,19.75
7663,0.074,-0.2756,0.8573,-5.88,7.68,-0.06,19.77
7673,0.0719,-0.2749,0.8564,-5.94,7.6,-0.03,19.75
7683,0.075,-0.2766,0.8562,-5.95,7.6,-0.06,19.77
7693,0.0745,-0.276,0.8557,-5.97,7.76,-0.08,19.76
7703,0.0731,-0.2777,0.8539,-6.05,7.8,-0.09,19.78
7713,0.0715,-0.2787,0.8544,-5.97,7.65,-0.14,19.77
7723,0.0712,-0.2797,0.8542,-5.97,7.66,-0.08,19.77
7733,0.0735,-0.2744,0.8577,-5.97,7.71,-0.05,19.75
7743,0.0748,-0.2756,0.856,-6.06,7.68,-0.06,19.75
7753,0.075,-0.2751,0.8563,-5.95,7.62,-0.05,19.74
7764,0.0757,-0.2762,0.8568,-5.86,7.66,0.02,19.77
7774,0.0752,-0.2767,0.8589,-5.97,7.74,0.0,19.78
7784,0.0741,-0.2756,0.8585,-5.89,7.71,-0.03,19.79
7794,0.0699,-0.276,0.8542,-5.98,7.68,-0.11,19.77
7804,0.0758,-0.2782,0.8547,-5.95,7.59,-0.11,19.75
7814,0.0714,-0.2715,0.8579,-5.92,7.57,-0.06,19.76
7824,0.0728,-0.2743,0.8563,-6.05,7.66,-0.05,19.77
7834,0.0743,-0.278,0.8567,-5.97,7.85,-0.08,19.77
7844,0.0756,-0.2765,0.8563,-6.03,7.86,0.06,19.74
7855,0.0781,-0.2778,0.8556,-6.0,7.83,0.0,19.77
7865,0.0743,-0.28,0.8573,-5.82,7.65,0.02,19.76
7876,0.074,-0.2777,0.8562,-5.91,7.63,0.0,19.75
7886,0.0754,-0.2777,0.8563,-6.0,7.54,0.0,19.76
7897,0.0758,-0.2772,0.8574,-6.03,7.73,-0.05,19.74
7907,0.0753,-0.278,0.8582,-6.09,7.82,-0.08,19.74
7918,0.0732,-0.274,0.8549,-6.02,7.76,0.02,19.75
7928,0.0721,-0.2749,0.8562,-5.97,7.57,0.02,19.75
7938,0.076,-0.2756,0.8612,-5.82,7.66,-0.08,19.75
7948,0.0769,-0.2728,0.8596,-5.88,7.76,-0.06,19.73
7958,0.0768,-0.2756,0.8591,-6.11,7.71,0.0,19.75
7968,0.0714,-0.2755,0.8558,-6.08,7.76,-0.08,19.74
7978,0.074,-0.2758,0.8538,-6.05,7.76,-0.08,19.75
7988,0.0721,-0.2754,0.8539,-5.89,7.65,-0.03,19.74
7999,0.073,-0.2762,0.8572,-5.95,7.57,0.06,19.76
8009,0.0717,-0.2777,0.8579,-5.95,7.63,-0.02,19.74
8019,0.0734,-0.2764,0.8561,-6.02,7.85,-0.08,19.74
8029,0.0712,-0.2765,0.854,-6.14,7.89,0.0,19.74
8039,0.0734,-0.2766,0.8545,-6.08,7.71,0.02,19.77
8049,0.0735,-0.2778,0.8575,-5.89,7.65,-0.02,19.75
8059,0.0729,-0.276,0.853,-5.82,7.51,0.08,19.76
8069,0.0748,-0.278,0.8535,-5.95,7.56,-0.02,19.77
8079,0.0735,-0.2773,0.8649,-6.03,7.79,-0.03,19.74
8089,0.0737,-0.2775,0.8527,-6.08,7.79,0.02,19.79
8099,0.0709,-0.2743,0.8574,-6.03,7.69,0.03,19.74
8109,0.0748,-0.2766,0.8562,-5.91,7.76,0.03,19.76
8119,0.0748,-0.275,0.8567,-5.89,7.6,-0.06,19.77
8129,0.0747,-0.276,0.8591,-5.85,7.77,-0.02,19.77
8139,0.0743,-0.2738,0.8585,-6.09,7.73,-0.03,19.8
8149,0.0698,-0.2739,0.8575,-6.08,7.69,-0.11,19.8
8159,0.0707,-0.2756,0.8561,-5.98,7.62,0.0,19.76
8169,0.0726,-0.2744,0.8591,-5.91,7.54,0.02,19.76
8179,0.0767,-0.2771,0.8588,-5.89,7.66,0.0,19.79
8189,0.072,-0.2759,0.8578,-5.95,7.73,0.0,19.77
8199,0.0696,-0.2748,0.8579,-5.95,7.82,-0.03,19.76
8209,0.0742,-0.2765,0.8562,-6.05,7.68,0.09,19.78
8219,0.0741,-0.2762,0.8553,-5.92,7.62,0.02,19.79
8229,0.0712,-0.2748,0.8551,-6.02,7.68,-0.06,19.75
8239,0.0756,-0.2748,0.8547,-6.03,7.77,0.0,19.77
8249,0.0757,-0.2762,0.8588,-6.09,7.63,-0.03,19.78
8259,0.0717,-0.276,0.8531,-6.06,7.69,-0.03,19.78
8269,0.0758,-0.276,0.8563,-5.95,7.76,-0.05,19.78
8280,0.0736,-0.2755,0.853,-6.0,7.74,-0.02,19.77
8290,0.0746,-0.2754,0.8561,-5.8,7.71,0.0,19.8
8300,0.0748,-0.2754,0.8584,-5.86,7.76,0.02,19.79
8311,0.0712,-0.2775,0.8551,-5.98,7.69,-0.03,19.76
8321,0.073,-0.2775,0.8627,-6.0,7.69,-0.12,19.77
8331,0.0713,-0.2788,0.8578,-6.06,7.62,0.03,19.78
8341,0.0736,-0.276,0.8552,-5.95,7.53,-0.02,19.78
8351,0.0725,-0.2729,0.8551,-5.95,7.42,-0.11,19.78
8361,0.0728,-0.2698,0.8555,-5.92,7.56,-0.03,19.78
8371,0.0714,-0.2764,0.8557,-5.98,7.79,-0.02,19.78
8381,0.0737,-0.2723,0.8589,-6.05,7.77,0.11,19.77
8391,0.0718,-0.2703,0.8561,-5.92,7.69,0.02,19.77
8401,0.0714,-0.27,0.8589,-5.86,7.44,-0.14,19.79
8411,0.0751,-0.2695,0.8625,-6.0,7.51,-0.06,19.79
8421,0.074,-0.2728,0.8547,-6.05,7.54,-0.06,19.79
8431,0.0726,-0.2726,0.8615,-6.12,7.59,-0.05,19.8
8441,0.0735,-0.2743,0.8558,-6.08,7.59,0.0,19.77
8451,0.0742,-0.2725,0.8578,-5.97,7.71,-0.03,19.77
8461,0.0725,-0.2777,0.8535,-6.09,7.69,-0.06,19.77
8471,0.0739,-0.2784,0.8555,-5.98,7.68,-0.06,19.78
8481,0.0743,-0.2797,0.8536,-5.94,7.83,-0.03,19.78
8491,0.0719,-0.2827,0.8563,-6.02,7.69,0.08,19.77
8501,0.0713,-0.2836,0.8569,-5.98,7.62,-0.03,19.76
8511,0.0748,-0.2805,0.8572,-5.91,7.48,-0.05,19.78
8521,0.0758,-0.2844,0.8562,-5.91,7.6,-0.03,19.77
8531,0.0747,-0.281,0.8545,-5.97,7.57,-0.14,19.77
8541,0.073,-0.2806,0.8562,-5.91,7.68,-0.03,19.78
8551,0.0748,-0.2805,0.8561,-5.85,7.79,-0.02,19.77
8561,0.0721,-0.2803,0.8555,-5.85,7.71,0.02,19.77
8571,0.0737,-0.2781,0.8545,-5.69,7.68,0.09,19.79
8581,0.0748,-0.2775,0.86,-5.92,7.51,-0.03,19.78
8591,0.0728,-0.2758,0.8619,-5.83,7.53,-0.03,19.78
8601,0.0709,-0.275,0.8618,-5.92,7.47,-0.02,19.79
8611,0.0735,-0.2729,0.8611,-5.89,7.6,-0.03,19.77
8621,0.0742,-0.2726,0.8545,-5.97,7.56,-0.03,19.77
8631,0.0717,-0.2717,0.8591,-5.94,7.6,-0.08,19.78
8641,0.0712,-0.2687,0.8615,-5.83,7.82,0.0,19.81
8651,0.073,-0.2689,0.8601,-5.85,7.8,0.0,19.78
8661,0.0721,-0.2706,0.8572,-5.89,7.74,-0.08,19.8
8671,0.0718,-0.2728,0.8646,-6.03,7.62,-0.05,19.79
8681,0.073,-0.2731,0.86,-6.12,7.62,-0.12,19.8
8691,0.0697,-0.2731,0.8596,-6.21,7.56,-0.09,19.79
8701,0.0753,-0.2744,0.8572,-6.11,7.44,-0.11,19.82
8711,0.0756,-0.2766,0.8549,-6.21,7.68,0.06,19.8
8721,0.0735,-0.2783,0.8544,-6.05,7.86,0.02,19.77
8731,0.0742,-0.2762,0.8511,-6.0,7.91,0.03,19.8
8741,0.0708,-0.2811,0.8534,-5.92,7.82,-0.05,19.79
8751,0.0699,-0.2797,0.8555,-5.89,7.74,0.02,19.79
8761,0.0709,-0.2775,0.8574,-6.03,7.65,0.06,19.79
8771,0.0723,-0.2773,0.8551,-6.03,7.53,-0.09,19.78
8781,0.0719,-0.2794,0.8606,-6.11,7.62,-0.11,19.79
8791,0.0726,-0.2784,0.8545,-6.15,7.57,-0.05,19.78
8801,0.0742,-0.2767,0.8593,-6.11,7.6,-0.02,19.8
8811,0.0745,-0.2787,0.8533,-5.98,7.85,-0.03,19.8
8821,0.0724,-0.276,0.8552,-5.94,7.89,-0.02,19.77
8831,0.0725,-0.277,0.8573,-5.92,7.85,-0.02,19.78
8841,0.0695,-0.2777,0.8546,-5.95,7.77,-0.03,19.79
8851,0.0739,-0.2753,0.8597,-5.85,7.56,-0.09,19.78
8861,0.0741,-0.2729,0.8607,-5.86,7.59,0.02,19.8
8871,0.0762,-0.2769,0.8575,-5.94,7.5,-0.03,19.8
8881,0.0736,-0.2748,0.855,-6.05,7.54,0.03,19.79
8891,0.0742,-0.2743,0.8555,-6.14,7.73,0.0,19.77
8901,0.0752,-0.276,0.8552,-6.0,7.83,-0.03,19.79
8911,0.0731,-0.2758,0.8578,-5.98,7.8,0.05,19.78
8921,0.0745,-0.276,0.8601,-5.77,7.79,-0.02,19.79
8931,0.0717,-0.2739,0.8601,-5.79,7.69,0.06,19.8
8941,0.0713,-0.2737,0.8613,-5.92,7.57,-0.05,19.79
8951,0.0726,-0.2772,0.8571,-5.98,7.59,-0.06,19.79
8961,0.0746,-0.2766,0.8575,-6.0,7.57,-0.09,19.81
8971,0.0729,-0.2781,0.8573,-6.02,7.54,-0.14,19.81
8981,0.075,-0.2794,0.8535,-5.86,7.56,0.02,19.79
8991,0.0763,-0.2782,0.853,-5.74,7.6,0.0,19.8
9001,0.0752,-0.2761,0.8575,-5.62,7.54,0.12,19.8
9011,0.0739,-0.2743,0.8621,-5.6,7.62,0.03,19.81
9021,0.0714,-0.2744,0.859,-5.79,7.68,-0.08,19.81
9031,0.073,-0.2761,0.8602,-5.97,7.63,0.0,19.79
9041,0.0718,-0.2753,0.8582,-6.06,7.63,-0.05,19.79
9051,0.0724,-0.277,0.8636,-6.11,7.65,-0.05,19.81
9061,0.0724,-0.2788,0.8572,-6.06,7.62,-0.17,19.81
9071,0.0706,-0.2761,0.8564,-5.83,7.56,-0.11,19.81
9081,0.0684,-0.2781,0.856,-5.66,7.69,-0.14,19.81
9091,0.0747,-0.2766,0.8578,-5.76,7.42,-0.08,19.79
9101,0.077,-0.2761,0.8572,-5.57,7.59,-0.02,19.8
9111,0.0754,-0.2755,0.8564,-6.05,7.73,-0.05,19.82
9121,0.0769,-0.2782,0.8612,-6.17,8.23,0.03,19.81
9131,0.0717,-0.278,0.8553,-6.18,8.0,0.05,19.82
9141,0.0703,-0.2784,0.8613,-5.98,7.47,-0.05,19.82
9151,0.073,-0.2737,0.8579,-5.73,7.39,-0.06,19.82
9161,0.0735,-0.2742,0.8572,-5.76,7.45,-0.06,19.8
9171,0.0767,-0.2744,0.8608,-5.92,7.37,0.02,19.8
9181,0.0752,-0.2722,0.8602,-6.05,7.85,-0.11,19.82
9191,0.0707,-0.2762,0.8558,-6.32,8.15,-0.02,19.82
9201,0.0693,-0.2786,0.8558,-6.2,7.92,0.03,19.81
9211,0.0706,-0.277,0.855,-5.79,7.45,-0.02,19.81
9221,0.0726,-0.2756,0.8594,-5.63,7.22,-0.06,19.81
9231,0.0756,-0.2708,0.8611,-5.74,7.44,-0.12,19.81
9241,0.0791,-0.272,0.8572,-6.17,7.62,-0.12,19.81
9251,0.0726,-0.274,0.8561,-6.38,7.89,-0.03,19.82
9261,0.072,-0.2787,0.8533,-6.23,7.88,0.03,19.81
9271,0.0731,-0.2814,0.8555,-6.02,7.59,0.02,19.82
9281,0.0699,-0.2766,0.8552,-5.53,7.48,0.05,19.82
9291,0.0698,-0.2734,0.8597,-5.68,7.44,0.02,19.82
9301,0.0734,-0.2745,0.8564,-5.95,7.79,0.06,19.81
9311,0.0725,-0.2765,0.86,-6.23,7.95,0.0,19.8
9321,0.0684,-0.2797,0.8562,-6.23,7.83,-0.02,19.82
